#
# There is insufficient memory for the Java Runtime Environment to continue.
# Native memory allocation (mmap) failed to map 612368384 bytes. Error detail: G1 virtual space
# Possible reasons:
#   The system is out of physical RAM or swap space
#   This process is running with CompressedOops enabled, and the Java Heap may be blocking the growth of the native heap
# Possible solutions:
#   Reduce memory load on the system
#   Increase physical memory or swap space
#   Check if swap backing store is full
#   Decrease Java heap size (-Xmx/-Xms)
#   Decrease number of Java threads
#   Decrease Java thread stack sizes (-Xss)
#   Set larger code cache with -XX:ReservedCodeCacheSize=
#   JVM is running with Unscaled Compressed Oops mode in which the Java heap is
#     placed in the first 4GB address space. The Java Heap base address is the
#     maximum limit for the native heap growth. Please use -XX:HeapBaseMinAddress
#     to set the Java Heap base and to place the Java Heap above 4GB virtual address.
# This output file may be truncated or incomplete.
#
#  Out of Memory Error (os_windows.cpp:3714), pid=13016, tid=12824
#
# JRE version: OpenJDK Runtime Environment Temurin-21.0.11+10 (21.0.11+10) (build 21.0.11+10-LTS)
# Java VM: OpenJDK 64-Bit Server VM Temurin-21.0.11+10 (21.0.11+10-LTS, mixed mode, sharing, tiered, compressed oops, compressed class ptrs, g1 gc, windows-amd64)
# No core dump will be written. Minidumps are not enabled by default on client versions of Windows
#

---------------  S U M M A R Y ------------

Command Line: --add-opens=java.base/java.lang=ALL-UNNAMED --add-opens=java.base/java.lang.invoke=ALL-UNNAMED --add-opens=java.base/java.util=ALL-UNNAMED --add-opens=java.prefs/java.util.prefs=ALL-UNNAMED --add-exports=jdk.compiler/com.sun.tools.javac.api=ALL-UNNAMED --add-exports=jdk.compiler/com.sun.tools.javac.util=ALL-UNNAMED --add-opens=java.base/java.util=ALL-UNNAMED --add-opens=java.prefs/java.util.prefs=ALL-UNNAMED --add-opens=java.base/java.nio.charset=ALL-UNNAMED --add-opens=java.base/java.net=ALL-UNNAMED --add-opens=java.base/java.util.concurrent.atomic=ALL-UNNAMED --add-opens=java.xml/javax.xml.namespace=ALL-UNNAMED -Xmx2G -Dfile.encoding=UTF-8 -Duser.country=US -Duser.language=en -Duser.variant -javaagent:C:\Users\IZZA\.gradle\wrapper\dists\gradle-8.14-bin\38aieal9i53h9rfe7vjup95b9\gradle-8.14\lib\agents\gradle-instrumentation-agent-8.14.jar org.gradle.launcher.daemon.bootstrap.GradleDaemon 8.14

Host: AMD Ryzen 3 3250U with Radeon Graphics         , 4 cores, 3G,  Windows 11 , 64 bit Build 26100 (10.0.26100.8875)
Time: Mon Jul 27 10:40:15 2026 SE Asia Standard Time elapsed time: 619.316163 seconds (0d 0h 10m 19s)

---------------  T H R E A D  ---------------

Current thread (0x0000025afdbb9ec0):  VMThread "VM Thread"          [id=12824, stack(0x0000007d64900000,0x0000007d64a00000) (1024K)]

Stack: [0x0000007d64900000,0x0000007d64a00000]
Native frames: (J=compiled Java code, j=interpreted, Vv=VM code, C=native code)
V  [jvm.dll+0x6d7e19]
V  [jvm.dll+0x8b5096]
V  [jvm.dll+0x8b764e]
V  [jvm.dll+0x8b7d33]
V  [jvm.dll+0x284596]
V  [jvm.dll+0x6d4735]
V  [jvm.dll+0x6c845a]
V  [jvm.dll+0x35ef08]
V  [jvm.dll+0x366b46]
V  [jvm.dll+0x3b7c2e]
V  [jvm.dll+0x3b7ed8]
V  [jvm.dll+0x33310c]
V  [jvm.dll+0x333197]
V  [jvm.dll+0x376f6c]
V  [jvm.dll+0x37570e]
V  [jvm.dll+0x332851]
V  [jvm.dll+0x374d7a]
V  [jvm.dll+0x8bda20]
V  [jvm.dll+0x8bed94]
V  [jvm.dll+0x8bf2c0]
V  [jvm.dll+0x8bf563]
V  [jvm.dll+0x85fb0d]
V  [jvm.dll+0x6d664d]
C  [ucrtbase.dll+0x2cd30]
C  [KERNEL32.DLL+0x2e957]
C  [ntdll.dll+0xaad6c]

VM_Operation (0x0000007d697feb80): G1CollectForAllocation, mode: safepoint, requested by thread 0x0000025ad82b23a0


---------------  P R O C E S S  ---------------

Threads class SMR info:
_java_thread_list=0x0000025ad6074710, length=78, elements={
0x0000025af08225d0, 0x0000025afdbd0820, 0x0000025afdbd4fc0, 0x0000025afdbd8750,
0x0000025afdbd91b0, 0x0000025afdbd9c10, 0x0000025afdbda670, 0x0000025afdbdb400,
0x0000025afdbf5da0, 0x0000025afde2f3e0, 0x0000025afde9bed0, 0x0000025afec0e320,
0x0000025aff56a840, 0x0000025ad406de70, 0x0000025afdd9aa00, 0x0000025afddad960,
0x0000025afed18610, 0x0000025afdf3fda0, 0x0000025afdf3f710, 0x0000025afdf40ac0,
0x0000025afdf40430, 0x0000025afdf417e0, 0x0000025afdf3f080, 0x0000025afdf41150,
0x0000025ad4829830, 0x0000025ad48291a0, 0x0000025ad482a550, 0x0000025ad4829ec0,
0x0000025ad4828480, 0x0000025ad482abe0, 0x0000025ad4827df0, 0x0000025ad4827760,
0x0000025ad482b900, 0x0000025ad482bf90, 0x0000025ad482d340, 0x0000025ad482c620,
0x0000025ad482ed80, 0x0000025ad795cdc0, 0x0000025ad795e170, 0x0000025ad795dae0,
0x0000025ad795d450, 0x0000025ad795acf0, 0x0000025ad795b380, 0x0000025ad795ba10,
0x0000025ad795c0a0, 0x0000025ad7b7ce80, 0x0000025ad7b7ef50, 0x0000025ad7b7bad0,
0x0000025ad7b7a720, 0x0000025ad7b80990, 0x0000025ad7b81020, 0x0000025ad7b816b0,
0x0000025ad7b7b440, 0x0000025ad7b7adb0, 0x0000025ad7b7e8c0, 0x0000025ad7b7f5e0,
0x0000025ad67020b0, 0x0000025ad67068e0, 0x0000025ad82b2a30, 0x0000025ad82b3de0,
0x0000025ad6707600, 0x0000025ad6daaef0, 0x0000025ad6dab580, 0x0000025ad6da8100,
0x0000025ad64e5d30, 0x0000025ad64e63c0, 0x0000025ad7ee5210, 0x0000025ad7ee3140,
0x0000025ad7ee58a0, 0x0000025ad7ee37d0, 0x0000025ad7ee44f0, 0x0000025ad7ee2420,
0x0000025ad82b4b00, 0x0000025ad6705530, 0x0000025ad6706f70, 0x0000025ad6705bc0,
0x0000025ae79214d0, 0x0000025ad82b23a0
}

Java Threads: ( => current thread )
  0x0000025af08225d0 JavaThread "main"                              [_thread_blocked, id=8836, stack(0x0000007d64200000,0x0000007d64300000) (1024K)]
  0x0000025afdbd0820 JavaThread "Reference Handler"          daemon [_thread_blocked, id=12800, stack(0x0000007d64a00000,0x0000007d64b00000) (1024K)]
  0x0000025afdbd4fc0 JavaThread "Finalizer"                  daemon [_thread_blocked, id=9380, stack(0x0000007d64b00000,0x0000007d64c00000) (1024K)]
  0x0000025afdbd8750 JavaThread "Signal Dispatcher"          daemon [_thread_blocked, id=13176, stack(0x0000007d64c00000,0x0000007d64d00000) (1024K)]
  0x0000025afdbd91b0 JavaThread "Attach Listener"            daemon [_thread_blocked, id=784, stack(0x0000007d64d00000,0x0000007d64e00000) (1024K)]
  0x0000025afdbd9c10 JavaThread "Service Thread"             daemon [_thread_blocked, id=1908, stack(0x0000007d64e00000,0x0000007d64f00000) (1024K)]
  0x0000025afdbda670 JavaThread "Monitor Deflation Thread"   daemon [_thread_blocked, id=9444, stack(0x0000007d64f00000,0x0000007d65000000) (1024K)]
  0x0000025afdbdb400 JavaThread "C2 CompilerThread0"         daemon [_thread_blocked, id=2956, stack(0x0000007d65000000,0x0000007d65100000) (1024K)]
  0x0000025afdbf5da0 JavaThread "C1 CompilerThread0"         daemon [_thread_blocked, id=9392, stack(0x0000007d65100000,0x0000007d65200000) (1024K)]
  0x0000025afde2f3e0 JavaThread "Common-Cleaner"             daemon [_thread_blocked, id=3292, stack(0x0000007d65200000,0x0000007d65300000) (1024K)]
  0x0000025afde9bed0 JavaThread "Notification Thread"        daemon [_thread_blocked, id=7956, stack(0x0000007d65300000,0x0000007d65400000) (1024K)]
  0x0000025afec0e320 JavaThread "Daemon health stats"               [_thread_blocked, id=3556, stack(0x0000007d65700000,0x0000007d65800000) (1024K)]
  0x0000025aff56a840 JavaThread "Incoming local TCP Connector on port 54093"        [_thread_in_native, id=11812, stack(0x0000007d65800000,0x0000007d65900000) (1024K)]
  0x0000025ad406de70 JavaThread "Daemon periodic checks"            [_thread_blocked, id=12724, stack(0x0000007d65900000,0x0000007d65a00000) (1024K)]
  0x0000025afdd9aa00 JavaThread "Daemon"                            [_thread_blocked, id=1596, stack(0x0000007d65a00000,0x0000007d65b00000) (1024K)]
  0x0000025afddad960 JavaThread "Handler for socket connection from /127.0.0.1:54093 to /127.0.0.1:54094"        [_thread_in_native, id=7220, stack(0x0000007d65b00000,0x0000007d65c00000) (1024K)]
  0x0000025afed18610 JavaThread "Cancel handler"                    [_thread_blocked, id=12820, stack(0x0000007d65c00000,0x0000007d65d00000) (1024K)]
  0x0000025afdf3fda0 JavaThread "Daemon worker"                     [_thread_blocked, id=12360, stack(0x0000007d65d00000,0x0000007d65e00000) (1024K)]
  0x0000025afdf3f710 JavaThread "Asynchronous log dispatcher for DefaultDaemonConnection: socket connection from /127.0.0.1:54093 to /127.0.0.1:54094"        [_thread_blocked, id=11976, stack(0x0000007d65e00000,0x0000007d65f00000) (1024K)]
  0x0000025afdf40ac0 JavaThread "Stdin handler"                     [_thread_blocked, id=4152, stack(0x0000007d65f00000,0x0000007d66000000) (1024K)]
  0x0000025afdf40430 JavaThread "Daemon client event forwarder"        [_thread_blocked, id=1460, stack(0x0000007d66000000,0x0000007d66100000) (1024K)]
  0x0000025afdf417e0 JavaThread "Cache worker for journal cache (C:\Users\IZZA\.gradle\caches\journal-1)"        [_thread_blocked, id=12000, stack(0x0000007d66100000,0x0000007d66200000) (1024K)]
  0x0000025afdf3f080 JavaThread "File lock request listener"        [_thread_in_native, id=10496, stack(0x0000007d66200000,0x0000007d66300000) (1024K)]
  0x0000025afdf41150 JavaThread "Cache worker for file hash cache (C:\Users\IZZA\.gradle\caches\8.14\fileHashes)"        [_thread_blocked, id=7064, stack(0x0000007d66300000,0x0000007d66400000) (1024K)]
  0x0000025ad4829830 JavaThread "Cache worker for file hash cache (D:\Belajar\planmod-template-generator\public\projects\cmrzfwz9l000aewa3v5f5l4xg\axe-speed\.gradle\8.14\fileHashes)"        [_thread_blocked, id=10640, stack(0x0000007d66500000,0x0000007d66600000) (1024K)]
  0x0000025ad48291a0 JavaThread "Cache worker for Build Output Cleanup Cache (D:\Belajar\planmod-template-generator\public\projects\cmrzfwz9l000aewa3v5f5l4xg\axe-speed\.gradle\buildOutputCleanup)"        [_thread_blocked, id=7488, stack(0x0000007d66600000,0x0000007d66700000) (1024K)]
  0x0000025ad482a550 JavaThread "File watcher server"        daemon [_thread_in_native, id=10184, stack(0x0000007d66700000,0x0000007d66800000) (1024K)]
  0x0000025ad4829ec0 JavaThread "File watcher consumer"      daemon [_thread_blocked, id=8728, stack(0x0000007d66800000,0x0000007d66900000) (1024K)]
  0x0000025ad4828480 JavaThread "jar transforms"                    [_thread_blocked, id=11468, stack(0x0000007d66a00000,0x0000007d66b00000) (1024K)]
  0x0000025ad482abe0 JavaThread "jar transforms Thread 2"           [_thread_blocked, id=2288, stack(0x0000007d66b00000,0x0000007d66c00000) (1024K)]
  0x0000025ad4827df0 JavaThread "jar transforms Thread 3"           [_thread_blocked, id=4628, stack(0x0000007d66c00000,0x0000007d66d00000) (1024K)]
  0x0000025ad4827760 JavaThread "jar transforms Thread 4"           [_thread_blocked, id=13472, stack(0x0000007d66900000,0x0000007d66a00000) (1024K)]
  0x0000025ad482b900 JavaThread "Cache worker for checksums cache (D:\Belajar\planmod-template-generator\public\projects\cmrzfwz9l000aewa3v5f5l4xg\axe-speed\.gradle\8.14\checksums)"        [_thread_blocked, id=13540, stack(0x0000007d66e00000,0x0000007d66f00000) (1024K)]
  0x0000025ad482bf90 JavaThread "Cache worker for file content cache (C:\Users\IZZA\.gradle\caches\8.14\fileContent)"        [_thread_blocked, id=13544, stack(0x0000007d66f00000,0x0000007d67000000) (1024K)]
  0x0000025ad482d340 JavaThread "Cache worker for cache directory md-supplier (C:\Users\IZZA\.gradle\caches\8.14\md-supplier)"        [_thread_blocked, id=13660, stack(0x0000007d66d00000,0x0000007d66e00000) (1024K)]
  0x0000025ad482c620 JavaThread "Cache worker for cache directory md-rule (C:\Users\IZZA\.gradle\caches\8.14\md-rule)"        [_thread_blocked, id=13664, stack(0x0000007d67000000,0x0000007d67100000) (1024K)]
  0x0000025ad482ed80 JavaThread "Unconstrained build operations"        [_thread_blocked, id=13776, stack(0x0000007d67100000,0x0000007d67200000) (1024K)]
  0x0000025ad795cdc0 JavaThread "Unconstrained build operations Thread 2"        [_thread_blocked, id=13780, stack(0x0000007d67200000,0x0000007d67300000) (1024K)]
  0x0000025ad795e170 JavaThread "Unconstrained build operations Thread 3"        [_thread_blocked, id=13784, stack(0x0000007d67300000,0x0000007d67400000) (1024K)]
  0x0000025ad795dae0 JavaThread "Unconstrained build operations Thread 4"        [_thread_blocked, id=13788, stack(0x0000007d67400000,0x0000007d67500000) (1024K)]
  0x0000025ad795d450 JavaThread "Unconstrained build operations Thread 5"        [_thread_blocked, id=13792, stack(0x0000007d67500000,0x0000007d67600000) (1024K)]
  0x0000025ad795acf0 JavaThread "Unconstrained build operations Thread 6"        [_thread_blocked, id=13796, stack(0x0000007d67600000,0x0000007d67700000) (1024K)]
  0x0000025ad795b380 JavaThread "Unconstrained build operations Thread 7"        [_thread_blocked, id=13800, stack(0x0000007d67700000,0x0000007d67800000) (1024K)]
  0x0000025ad795ba10 JavaThread "Unconstrained build operations Thread 8"        [_thread_blocked, id=13804, stack(0x0000007d67800000,0x0000007d67900000) (1024K)]
  0x0000025ad795c0a0 JavaThread "Unconstrained build operations Thread 9"        [_thread_blocked, id=13808, stack(0x0000007d67900000,0x0000007d67a00000) (1024K)]
  0x0000025ad7b7ce80 JavaThread "Memory manager"                    [_thread_blocked, id=13864, stack(0x0000007d67a00000,0x0000007d67b00000) (1024K)]
  0x0000025ad7b7ef50 JavaThread "Problems report writer"            [_thread_blocked, id=10520, stack(0x0000007d67c00000,0x0000007d67d00000) (1024K)]
  0x0000025ad7b7bad0 JavaThread "HttpClient-1-SelectorManager" daemon [_thread_in_native, id=12284, stack(0x0000007d67b00000,0x0000007d67c00000) (1024K)]
  0x0000025ad7b7a720 JavaThread "Unconstrained build operations Thread 10"        [_thread_blocked, id=12124, stack(0x0000007d64100000,0x0000007d64200000) (1024K)]
  0x0000025ad7b80990 JavaThread "Unconstrained build operations Thread 11"        [_thread_blocked, id=13640, stack(0x0000007d67d00000,0x0000007d67e00000) (1024K)]
  0x0000025ad7b81020 JavaThread "Unconstrained build operations Thread 12"        [_thread_blocked, id=3328, stack(0x0000007d67e00000,0x0000007d67f00000) (1024K)]
  0x0000025ad7b816b0 JavaThread "Unconstrained build operations Thread 13"        [_thread_blocked, id=4184, stack(0x0000007d67f00000,0x0000007d68000000) (1024K)]
  0x0000025ad7b7b440 JavaThread "Unconstrained build operations Thread 14"        [_thread_blocked, id=1604, stack(0x0000007d66400000,0x0000007d66500000) (1024K)]
  0x0000025ad7b7adb0 JavaThread "Unconstrained build operations Thread 15"        [_thread_blocked, id=13964, stack(0x0000007d68000000,0x0000007d68100000) (1024K)]
  0x0000025ad7b7e8c0 JavaThread "Unconstrained build operations Thread 16"        [_thread_blocked, id=13960, stack(0x0000007d68100000,0x0000007d68200000) (1024K)]
  0x0000025ad7b7f5e0 JavaThread "Unconstrained build operations Thread 17"        [_thread_blocked, id=15288, stack(0x0000007d64000000,0x0000007d64100000) (1024K)]
  0x0000025ad67020b0 JavaThread "File lock release action executor Thread 2"        [_thread_blocked, id=14724, stack(0x0000007d68200000,0x0000007d68300000) (1024K)]
  0x0000025ad67068e0 JavaThread "Unconstrained build operations Thread 18"        [_thread_blocked, id=8804, stack(0x0000007d68300000,0x0000007d68400000) (1024K)]
  0x0000025ad82b2a30 JavaThread "Unconstrained build operations Thread 19"        [_thread_blocked, id=13600, stack(0x0000007d68400000,0x0000007d68500000) (1024K)]
  0x0000025ad82b3de0 JavaThread "Unconstrained build operations Thread 20"        [_thread_blocked, id=14920, stack(0x0000007d68500000,0x0000007d68600000) (1024K)]
  0x0000025ad6707600 JavaThread "Unconstrained build operations Thread 21"        [_thread_blocked, id=14244, stack(0x0000007d68700000,0x0000007d68800000) (1024K)]
  0x0000025ad6daaef0 JavaThread "Unconstrained build operations Thread 22"        [_thread_blocked, id=14364, stack(0x0000007d68800000,0x0000007d68900000) (1024K)]
  0x0000025ad6dab580 JavaThread "Unconstrained build operations Thread 23"        [_thread_blocked, id=13316, stack(0x0000007d68900000,0x0000007d68a00000) (1024K)]
  0x0000025ad6da8100 JavaThread "Unconstrained build operations Thread 24"        [_thread_blocked, id=15020, stack(0x0000007d68a00000,0x0000007d68b00000) (1024K)]
  0x0000025ad64e5d30 JavaThread "Unconstrained build operations Thread 25"        [_thread_blocked, id=12764, stack(0x0000007d68b00000,0x0000007d68c00000) (1024K)]
  0x0000025ad64e63c0 JavaThread "Unconstrained build operations Thread 26"        [_thread_blocked, id=1864, stack(0x0000007d68c00000,0x0000007d68d00000) (1024K)]
  0x0000025ad7ee5210 JavaThread "Unconstrained build operations Thread 27"        [_thread_blocked, id=13632, stack(0x0000007d68d00000,0x0000007d68e00000) (1024K)]
  0x0000025ad7ee3140 JavaThread "Unconstrained build operations Thread 28"        [_thread_blocked, id=14800, stack(0x0000007d68e00000,0x0000007d68f00000) (1024K)]
  0x0000025ad7ee58a0 JavaThread "Unconstrained build operations Thread 29"        [_thread_blocked, id=13768, stack(0x0000007d68f00000,0x0000007d69000000) (1024K)]
  0x0000025ad7ee37d0 JavaThread "Unconstrained build operations Thread 30"        [_thread_blocked, id=4892, stack(0x0000007d68600000,0x0000007d68700000) (1024K)]
  0x0000025ad7ee44f0 JavaThread "Unconstrained build operations Thread 31"        [_thread_blocked, id=15176, stack(0x0000007d69000000,0x0000007d69100000) (1024K)]
  0x0000025ad7ee2420 JavaThread "Unconstrained build operations Thread 32"        [_thread_blocked, id=14916, stack(0x0000007d69100000,0x0000007d69200000) (1024K)]
  0x0000025ad82b4b00 JavaThread "included builds"                   [_thread_blocked, id=14044, stack(0x0000007d69200000,0x0000007d69300000) (1024K)]
  0x0000025ad6705530 JavaThread "Execution worker"                  [_thread_blocked, id=14976, stack(0x0000007d69300000,0x0000007d69400000) (1024K)]
  0x0000025ad6706f70 JavaThread "Execution worker Thread 2"         [_thread_blocked, id=1912, stack(0x0000007d69400000,0x0000007d69500000) (1024K)]
  0x0000025ad6705bc0 JavaThread "Execution worker Thread 3"         [_thread_blocked, id=14376, stack(0x0000007d69500000,0x0000007d69600000) (1024K)]
  0x0000025ae79214d0 JavaThread "Cache worker for execution history cache (D:\Belajar\planmod-template-generator\public\projects\cmrzfwz9l000aewa3v5f5l4xg\axe-speed\.gradle\8.14\executionHistory)"        [_thread_blocked, id=14940, stack(0x0000007d69600000,0x0000007d69700000) (1024K)]
  0x0000025ad82b23a0 JavaThread "pool-5-thread-1"                   [_thread_blocked, id=13860, stack(0x0000007d69700000,0x0000007d69800000) (1024K)]
Total: 78

Other Threads:
=>0x0000025afdbb9ec0 VMThread "VM Thread"                           [id=12824, stack(0x0000007d64900000,0x0000007d64a00000) (1024K)]
  0x0000025afdbaac70 WatcherThread "VM Periodic Task Thread"        [id=10312, stack(0x0000007d64800000,0x0000007d64900000) (1024K)]
  0x0000025af087c770 WorkerThread "GC Thread#0"                     [id=11092, stack(0x0000007d64300000,0x0000007d64400000) (1024K)]
  0x0000025afded1830 WorkerThread "GC Thread#1"                     [id=3848, stack(0x0000007d65400000,0x0000007d65500000) (1024K)]
  0x0000025afdfa16d0 WorkerThread "GC Thread#2"                     [id=968, stack(0x0000007d65500000,0x0000007d65600000) (1024K)]
  0x0000025afea60df0 WorkerThread "GC Thread#3"                     [id=3600, stack(0x0000007d65600000,0x0000007d65700000) (1024K)]
  0x0000025af088d670 ConcurrentGCThread "G1 Main Marker"            [id=3248, stack(0x0000007d64400000,0x0000007d64500000) (1024K)]
  0x0000025af088ef10 WorkerThread "G1 Conc#0"                       [id=6876, stack(0x0000007d64500000,0x0000007d64600000) (1024K)]
  0x0000025afda810a0 ConcurrentGCThread "G1 Refine#0"               [id=3344, stack(0x0000007d64600000,0x0000007d64700000) (1024K)]
  0x0000025af08d2b40 ConcurrentGCThread "G1 Service"                [id=2088, stack(0x0000007d64700000,0x0000007d64800000) (1024K)]
Total: 10

Threads with active compile tasks:
Total: 0

VM state: at safepoint (normal execution)

VM Mutex/Monitor currently owned by a thread:  ([mutex/lock_event])
[0x00007ffb4ddbf570] Threads_lock - owner thread: 0x0000025afdbb9ec0
[0x00007ffb4ddbf670] Heap_lock - owner thread: 0x0000025ad82b23a0

Heap address: 0x0000000080000000, size: 2048 MB, Compressed Oops mode: 32-bit

CDS archive(s) mapped at: [0x0000025a8f000000-0x0000025a8fc80000-0x0000025a8fc80000), size 13107200, SharedBaseAddress: 0x0000025a8f000000, ArchiveRelocationMode: 1.
Compressed class space mapped at: 0x0000025a90000000-0x0000025ad0000000, reserved size: 1073741824
Narrow klass base: 0x0000025a8f000000, Narrow klass shift: 0, Narrow klass range: 0x100000000

GC Precious Log:
 CardTable entry size: 512
 Card Set container configuration: InlinePtr #cards 5 size 8 Array Of Cards #cards 12 size 40 Howl #buckets 4 coarsen threshold 1843 Howl Bitmap #cards 512 size 80 coarsen threshold 460 Card regions per heap region 1 cards per card region 2048
 CPUs: 4 total, 4 available
 Memory: 3521M
 Large Page Support: Disabled
 NUMA Support: Disabled
 Compressed Oops: Enabled (32-bit)
 Heap Region Size: 1M
 Heap Min Capacity: 8M
 Heap Initial Capacity: 56M
 Heap Max Capacity: 2G
 Pre-touch: Disabled
 Parallel Workers: 4
 Concurrent Workers: 1
 Concurrent Refinement Workers: 4
 Periodic GC: Disabled

Heap:
 garbage-first heap   total 559104K, used 245235K [0x0000000080000000, 0x0000000100000000)
  region size 1024K, 2 young (2048K), 2 survivors (2048K)
 Metaspace       used 102754K, committed 105152K, reserved 1179648K
  class space    used 12904K, committed 14080K, reserved 1048576K

Heap Regions: E=young(eden), S=young(survivor), O=old, HS=humongous(starts), HC=humongous(continues), CS=collection set, F=free, TAMS=top-at-mark-start, PB=parsable bottom
|   0|0x0000000080000000, 0x0000000080100000, 0x0000000080100000|100%|HS|  |TAMS 0x0000000080000000| PB 0x0000000080000000| Complete 
|   1|0x0000000080100000, 0x0000000080200000, 0x0000000080200000|100%|HC|  |TAMS 0x0000000080100000| PB 0x0000000080100000| Complete 
|   2|0x0000000080200000, 0x0000000080300000, 0x0000000080300000|100%|HC|  |TAMS 0x0000000080200000| PB 0x0000000080200000| Complete 
|   3|0x0000000080300000, 0x0000000080400000, 0x0000000080400000|100%| O|  |TAMS 0x0000000080300000| PB 0x0000000080300000| Untracked 
|   4|0x0000000080400000, 0x0000000080500000, 0x0000000080500000|100%| O|  |TAMS 0x0000000080400000| PB 0x0000000080400000| Untracked 
|   5|0x0000000080500000, 0x0000000080600000, 0x0000000080600000|100%| O|  |TAMS 0x0000000080500000| PB 0x0000000080500000| Untracked 
|   6|0x0000000080600000, 0x00000000806fffe0, 0x0000000080700000| 99%| O|  |TAMS 0x0000000080600000| PB 0x0000000080600000| Untracked 
|   7|0x0000000080700000, 0x0000000080800000, 0x0000000080800000|100%|HS|  |TAMS 0x0000000080700000| PB 0x0000000080700000| Complete 
|   8|0x0000000080800000, 0x0000000080900000, 0x0000000080900000|100%| O|  |TAMS 0x0000000080800000| PB 0x0000000080800000| Untracked 
|   9|0x0000000080900000, 0x0000000080a00000, 0x0000000080a00000|100%| O|  |TAMS 0x0000000080900000| PB 0x0000000080900000| Untracked 
|  10|0x0000000080a00000, 0x0000000080b00000, 0x0000000080b00000|100%| O|  |TAMS 0x0000000080a00000| PB 0x0000000080a00000| Untracked 
|  11|0x0000000080b00000, 0x0000000080bffff0, 0x0000000080c00000| 99%| O|  |TAMS 0x0000000080b00000| PB 0x0000000080b00000| Untracked 
|  12|0x0000000080c00000, 0x0000000080d00000, 0x0000000080d00000|100%| O|  |TAMS 0x0000000080c00000| PB 0x0000000080c00000| Untracked 
|  13|0x0000000080d00000, 0x0000000080e00000, 0x0000000080e00000|100%| O|  |TAMS 0x0000000080d00000| PB 0x0000000080d00000| Untracked 
|  14|0x0000000080e00000, 0x0000000080f00000, 0x0000000080f00000|100%| O|  |TAMS 0x0000000080e00000| PB 0x0000000080e00000| Untracked 
|  15|0x0000000080f00000, 0x0000000081000000, 0x0000000081000000|100%| O|  |TAMS 0x0000000080f00000| PB 0x0000000080f00000| Untracked 
|  16|0x0000000081000000, 0x0000000081100000, 0x0000000081100000|100%| O|  |TAMS 0x0000000081000000| PB 0x0000000081000000| Untracked 
|  17|0x0000000081100000, 0x00000000811fff80, 0x0000000081200000| 99%| O|  |TAMS 0x0000000081100000| PB 0x0000000081100000| Untracked 
|  18|0x0000000081200000, 0x0000000081300000, 0x0000000081300000|100%| O|  |TAMS 0x0000000081200000| PB 0x0000000081200000| Untracked 
|  19|0x0000000081300000, 0x00000000813fffb0, 0x0000000081400000| 99%| O|  |TAMS 0x0000000081300000| PB 0x0000000081300000| Untracked 
|  20|0x0000000081400000, 0x0000000081500000, 0x0000000081500000|100%| O|  |TAMS 0x0000000081400000| PB 0x0000000081400000| Untracked 
|  21|0x0000000081500000, 0x00000000815ffff0, 0x0000000081600000| 99%| O|  |TAMS 0x0000000081500000| PB 0x0000000081500000| Untracked 
|  22|0x0000000081600000, 0x0000000081700000, 0x0000000081700000|100%| O|  |TAMS 0x0000000081600000| PB 0x0000000081600000| Untracked 
|  23|0x0000000081700000, 0x00000000817ffff0, 0x0000000081800000| 99%| O|  |TAMS 0x0000000081700000| PB 0x0000000081700000| Untracked 
|  24|0x0000000081800000, 0x0000000081900000, 0x0000000081900000|100%| O|  |TAMS 0x0000000081800000| PB 0x0000000081800000| Untracked 
|  25|0x0000000081900000, 0x0000000081a00000, 0x0000000081a00000|100%| O|  |TAMS 0x0000000081900000| PB 0x0000000081900000| Untracked 
|  26|0x0000000081a00000, 0x0000000081affff0, 0x0000000081b00000| 99%| O|  |TAMS 0x0000000081a00000| PB 0x0000000081a00000| Untracked 
|  27|0x0000000081b00000, 0x0000000081bffff8, 0x0000000081c00000| 99%| O|  |TAMS 0x0000000081b00000| PB 0x0000000081b00000| Untracked 
|  28|0x0000000081c00000, 0x0000000081d00000, 0x0000000081d00000|100%| O|  |TAMS 0x0000000081c00000| PB 0x0000000081c00000| Untracked 
|  29|0x0000000081d00000, 0x0000000081e00000, 0x0000000081e00000|100%| O|  |TAMS 0x0000000081d00000| PB 0x0000000081d00000| Untracked 
|  30|0x0000000081e00000, 0x0000000081f00000, 0x0000000081f00000|100%| O|  |TAMS 0x0000000081e00000| PB 0x0000000081e00000| Untracked 
|  31|0x0000000081f00000, 0x0000000081ffffe8, 0x0000000082000000| 99%| O|  |TAMS 0x0000000081f00000| PB 0x0000000081f00000| Untracked 
|  32|0x0000000082000000, 0x0000000082100000, 0x0000000082100000|100%| O|  |TAMS 0x0000000082000000| PB 0x0000000082000000| Untracked 
|  33|0x0000000082100000, 0x00000000821ffff0, 0x0000000082200000| 99%| O|  |TAMS 0x0000000082100000| PB 0x0000000082100000| Untracked 
|  34|0x0000000082200000, 0x0000000082300000, 0x0000000082300000|100%| O|  |TAMS 0x0000000082200000| PB 0x0000000082200000| Untracked 
|  35|0x0000000082300000, 0x0000000082400000, 0x0000000082400000|100%| O|  |TAMS 0x0000000082300000| PB 0x0000000082300000| Untracked 
|  36|0x0000000082400000, 0x0000000082500000, 0x0000000082500000|100%| O|  |TAMS 0x0000000082400000| PB 0x0000000082400000| Untracked 
|  37|0x0000000082500000, 0x0000000082600000, 0x0000000082600000|100%| O|  |TAMS 0x0000000082500000| PB 0x0000000082500000| Untracked 
|  38|0x0000000082600000, 0x00000000826ffff8, 0x0000000082700000| 99%| O|  |TAMS 0x0000000082600000| PB 0x0000000082600000| Untracked 
|  39|0x0000000082700000, 0x0000000082800000, 0x0000000082800000|100%| O|  |TAMS 0x0000000082700000| PB 0x0000000082700000| Untracked 
|  40|0x0000000082800000, 0x00000000828fffe0, 0x0000000082900000| 99%| O|  |TAMS 0x0000000082800000| PB 0x0000000082800000| Untracked 
|  41|0x0000000082900000, 0x00000000829fffe8, 0x0000000082a00000| 99%| O|  |TAMS 0x0000000082900000| PB 0x0000000082900000| Untracked 
|  42|0x0000000082a00000, 0x0000000082afa640, 0x0000000082b00000| 97%| O|  |TAMS 0x0000000082a00000| PB 0x0000000082a00000| Untracked 
|  43|0x0000000082b00000, 0x0000000082bfff58, 0x0000000082c00000| 99%| O|  |TAMS 0x0000000082b00000| PB 0x0000000082b00000| Untracked 
|  44|0x0000000082c00000, 0x0000000082cfffb0, 0x0000000082d00000| 99%| O|  |TAMS 0x0000000082c00000| PB 0x0000000082c00000| Untracked 
|  45|0x0000000082d00000, 0x0000000082e00000, 0x0000000082e00000|100%|HS|  |TAMS 0x0000000082d00000| PB 0x0000000082d00000| Complete 
|  46|0x0000000082e00000, 0x0000000082f00000, 0x0000000082f00000|100%| O|  |TAMS 0x0000000082e00000| PB 0x0000000082e00000| Untracked 
|  47|0x0000000082f00000, 0x0000000083000000, 0x0000000083000000|100%| O|  |TAMS 0x0000000082f00000| PB 0x0000000082f00000| Untracked 
|  48|0x0000000083000000, 0x0000000083100000, 0x0000000083100000|100%| O|  |TAMS 0x0000000083000000| PB 0x0000000083000000| Untracked 
|  49|0x0000000083100000, 0x0000000083200000, 0x0000000083200000|100%| O|  |TAMS 0x0000000083100000| PB 0x0000000083100000| Untracked 
|  50|0x0000000083200000, 0x0000000083300000, 0x0000000083300000|100%| O|  |TAMS 0x0000000083200000| PB 0x0000000083200000| Untracked 
|  51|0x0000000083300000, 0x0000000083400000, 0x0000000083400000|100%| O|  |TAMS 0x0000000083300000| PB 0x0000000083300000| Untracked 
|  52|0x0000000083400000, 0x0000000083500000, 0x0000000083500000|100%| O|  |TAMS 0x0000000083400000| PB 0x0000000083400000| Untracked 
|  53|0x0000000083500000, 0x0000000083600000, 0x0000000083600000|100%| O|  |TAMS 0x0000000083500000| PB 0x0000000083500000| Untracked 
|  54|0x0000000083600000, 0x0000000083700000, 0x0000000083700000|100%| O|  |TAMS 0x0000000083600000| PB 0x0000000083600000| Untracked 
|  55|0x0000000083700000, 0x0000000083800000, 0x0000000083800000|100%| O|  |TAMS 0x0000000083700000| PB 0x0000000083700000| Untracked 
|  56|0x0000000083800000, 0x00000000838ffff0, 0x0000000083900000| 99%| O|  |TAMS 0x0000000083800000| PB 0x0000000083800000| Untracked 
|  57|0x0000000083900000, 0x0000000083a00000, 0x0000000083a00000|100%| O|  |TAMS 0x0000000083900000| PB 0x0000000083900000| Untracked 
|  58|0x0000000083a00000, 0x0000000083b00000, 0x0000000083b00000|100%| O|  |TAMS 0x0000000083a00000| PB 0x0000000083a00000| Untracked 
|  59|0x0000000083b00000, 0x0000000083c00000, 0x0000000083c00000|100%| O|  |TAMS 0x0000000083b00000| PB 0x0000000083b00000| Untracked 
|  60|0x0000000083c00000, 0x0000000083d00000, 0x0000000083d00000|100%| O|  |TAMS 0x0000000083c00000| PB 0x0000000083c00000| Untracked 
|  61|0x0000000083d00000, 0x0000000083e00000, 0x0000000083e00000|100%| O|  |TAMS 0x0000000083d00000| PB 0x0000000083d00000| Untracked 
|  62|0x0000000083e00000, 0x0000000083efe8c0, 0x0000000083f00000| 99%| O|  |TAMS 0x0000000083e00000| PB 0x0000000083e00000| Untracked 
|  63|0x0000000083f00000, 0x0000000084000000, 0x0000000084000000|100%| O|  |TAMS 0x0000000083f00000| PB 0x0000000083f00000| Untracked 
|  64|0x0000000084000000, 0x0000000084100000, 0x0000000084100000|100%| O|  |TAMS 0x0000000084000000| PB 0x0000000084000000| Untracked 
|  65|0x0000000084100000, 0x0000000084200000, 0x0000000084200000|100%| O|  |TAMS 0x0000000084100000| PB 0x0000000084100000| Untracked 
|  66|0x0000000084200000, 0x0000000084300000, 0x0000000084300000|100%| O|  |TAMS 0x0000000084200000| PB 0x0000000084200000| Untracked 
|  67|0x0000000084300000, 0x0000000084400000, 0x0000000084400000|100%| O|  |TAMS 0x0000000084300000| PB 0x0000000084300000| Untracked 
|  68|0x0000000084400000, 0x0000000084500000, 0x0000000084500000|100%| O|  |TAMS 0x0000000084400000| PB 0x0000000084400000| Untracked 
|  69|0x0000000084500000, 0x0000000084600000, 0x0000000084600000|100%| O|  |TAMS 0x0000000084500000| PB 0x0000000084500000| Untracked 
|  70|0x0000000084600000, 0x00000000846ffca8, 0x0000000084700000| 99%| O|  |TAMS 0x0000000084600000| PB 0x0000000084600000| Untracked 
|  71|0x0000000084700000, 0x00000000847fffe8, 0x0000000084800000| 99%| O|  |TAMS 0x0000000084700000| PB 0x0000000084700000| Untracked 
|  72|0x0000000084800000, 0x0000000084900000, 0x0000000084900000|100%| O|  |TAMS 0x0000000084800000| PB 0x0000000084800000| Untracked 
|  73|0x0000000084900000, 0x0000000084a00000, 0x0000000084a00000|100%|HS|  |TAMS 0x0000000084900000| PB 0x0000000084900000| Complete 
|  74|0x0000000084a00000, 0x0000000084b00000, 0x0000000084b00000|100%|HC|  |TAMS 0x0000000084a00000| PB 0x0000000084a00000| Complete 
|  75|0x0000000084b00000, 0x0000000084c00000, 0x0000000084c00000|100%|HC|  |TAMS 0x0000000084b00000| PB 0x0000000084b00000| Complete 
|  76|0x0000000084c00000, 0x0000000084d00000, 0x0000000084d00000|100%|HC|  |TAMS 0x0000000084c00000| PB 0x0000000084c00000| Complete 
|  77|0x0000000084d00000, 0x0000000084e00000, 0x0000000084e00000|100%| O|  |TAMS 0x0000000084d00000| PB 0x0000000084d00000| Untracked 
|  78|0x0000000084e00000, 0x0000000084f00000, 0x0000000084f00000|100%| O|  |TAMS 0x0000000084e00000| PB 0x0000000084e00000| Untracked 
|  79|0x0000000084f00000, 0x0000000085000000, 0x0000000085000000|100%| O|  |TAMS 0x0000000084f00000| PB 0x0000000084f00000| Untracked 
|  80|0x0000000085000000, 0x0000000085100000, 0x0000000085100000|100%| O|  |TAMS 0x0000000085000000| PB 0x0000000085000000| Untracked 
|  81|0x0000000085100000, 0x0000000085200000, 0x0000000085200000|100%| O|  |TAMS 0x0000000085100000| PB 0x0000000085100000| Untracked 
|  82|0x0000000085200000, 0x0000000085300000, 0x0000000085300000|100%| O|  |TAMS 0x0000000085200000| PB 0x0000000085200000| Untracked 
|  83|0x0000000085300000, 0x0000000085400000, 0x0000000085400000|100%| O|  |TAMS 0x0000000085300000| PB 0x0000000085300000| Untracked 
|  84|0x0000000085400000, 0x0000000085500000, 0x0000000085500000|100%| O|  |TAMS 0x0000000085400000| PB 0x0000000085400000| Untracked 
|  85|0x0000000085500000, 0x0000000085600000, 0x0000000085600000|100%| O|Cm|TAMS 0x0000000085500000| PB 0x0000000085500000| Complete 
|  86|0x0000000085600000, 0x0000000085700000, 0x0000000085700000|100%| O|Cm|TAMS 0x0000000085600000| PB 0x0000000085600000| Complete 
|  87|0x0000000085700000, 0x0000000085800000, 0x0000000085800000|100%| O|  |TAMS 0x0000000085700000| PB 0x0000000085700000| Untracked 
|  88|0x0000000085800000, 0x0000000085900000, 0x0000000085900000|100%| O|  |TAMS 0x0000000085800000| PB 0x0000000085800000| Untracked 
|  89|0x0000000085900000, 0x00000000859ff738, 0x0000000085a00000| 99%| O|  |TAMS 0x0000000085900000| PB 0x0000000085900000| Untracked 
|  90|0x0000000085a00000, 0x0000000085af2130, 0x0000000085b00000| 94%| O|  |TAMS 0x0000000085a00000| PB 0x0000000085a00000| Untracked 
|  91|0x0000000085b00000, 0x0000000085c00000, 0x0000000085c00000|100%| O|  |TAMS 0x0000000085b00000| PB 0x0000000085b00000| Untracked 
|  92|0x0000000085c00000, 0x0000000085cfffe8, 0x0000000085d00000| 99%| O|  |TAMS 0x0000000085c00000| PB 0x0000000085c00000| Untracked 
|  93|0x0000000085d00000, 0x0000000085dfffd0, 0x0000000085e00000| 99%| O|  |TAMS 0x0000000085d00000| PB 0x0000000085d00000| Untracked 
|  94|0x0000000085e00000, 0x0000000085ef8ea8, 0x0000000085f00000| 97%| O|  |TAMS 0x0000000085e00000| PB 0x0000000085e00000| Untracked 
|  95|0x0000000085f00000, 0x0000000086000000, 0x0000000086000000|100%| O|  |TAMS 0x0000000085f00000| PB 0x0000000085f00000| Untracked 
|  96|0x0000000086000000, 0x00000000860ffff8, 0x0000000086100000| 99%| O|  |TAMS 0x0000000086000000| PB 0x0000000086000000| Untracked 
|  97|0x0000000086100000, 0x0000000086200000, 0x0000000086200000|100%| O|  |TAMS 0x0000000086100000| PB 0x0000000086100000| Untracked 
|  98|0x0000000086200000, 0x00000000862fffe8, 0x0000000086300000| 99%| O|  |TAMS 0x0000000086200000| PB 0x0000000086200000| Untracked 
|  99|0x0000000086300000, 0x00000000863fffe0, 0x0000000086400000| 99%| O|  |TAMS 0x0000000086300000| PB 0x0000000086300000| Untracked 
| 100|0x0000000086400000, 0x00000000864212e8, 0x0000000086500000| 12%| O|  |TAMS 0x0000000086400000| PB 0x0000000086400000| Untracked 
| 101|0x0000000086500000, 0x0000000086600000, 0x0000000086600000|100%| O|  |TAMS 0x0000000086500000| PB 0x0000000086500000| Untracked 
| 102|0x0000000086600000, 0x0000000086668f20, 0x0000000086700000| 40%| O|  |TAMS 0x0000000086600000| PB 0x0000000086600000| Untracked 
| 103|0x0000000086700000, 0x00000000867ffff8, 0x0000000086800000| 99%| O|  |TAMS 0x0000000086700000| PB 0x0000000086700000| Untracked 
| 104|0x0000000086800000, 0x0000000086900000, 0x0000000086900000|100%| O|  |TAMS 0x0000000086800000| PB 0x0000000086800000| Untracked 
| 105|0x0000000086900000, 0x0000000086a00000, 0x0000000086a00000|100%| O|  |TAMS 0x0000000086900000| PB 0x0000000086900000| Untracked 
| 106|0x0000000086a00000, 0x0000000086b00000, 0x0000000086b00000|100%| O|  |TAMS 0x0000000086a00000| PB 0x0000000086a00000| Untracked 
| 107|0x0000000086b00000, 0x0000000086c00000, 0x0000000086c00000|100%| O|  |TAMS 0x0000000086b00000| PB 0x0000000086b00000| Untracked 
| 108|0x0000000086c00000, 0x0000000086d00000, 0x0000000086d00000|100%| O|  |TAMS 0x0000000086c00000| PB 0x0000000086c00000| Untracked 
| 109|0x0000000086d00000, 0x0000000086e00000, 0x0000000086e00000|100%| O|  |TAMS 0x0000000086d00000| PB 0x0000000086d00000| Untracked 
| 110|0x0000000086e00000, 0x0000000086f00000, 0x0000000086f00000|100%| O|  |TAMS 0x0000000086e00000| PB 0x0000000086e00000| Untracked 
| 111|0x0000000086f00000, 0x0000000087000000, 0x0000000087000000|100%| O|  |TAMS 0x0000000086f00000| PB 0x0000000086f00000| Untracked 
| 112|0x0000000087000000, 0x0000000087100000, 0x0000000087100000|100%| O|  |TAMS 0x0000000087000000| PB 0x0000000087000000| Untracked 
| 113|0x0000000087100000, 0x0000000087200000, 0x0000000087200000|100%| O|  |TAMS 0x0000000087100000| PB 0x0000000087100000| Untracked 
| 114|0x0000000087200000, 0x0000000087300000, 0x0000000087300000|100%| O|  |TAMS 0x0000000087200000| PB 0x0000000087200000| Untracked 
| 115|0x0000000087300000, 0x000000008738fcb0, 0x0000000087400000| 56%| O|  |TAMS 0x0000000087300000| PB 0x0000000087300000| Untracked 
| 116|0x0000000087400000, 0x0000000087500000, 0x0000000087500000|100%| O|  |TAMS 0x0000000087400000| PB 0x0000000087400000| Untracked 
| 117|0x0000000087500000, 0x0000000087600000, 0x0000000087600000|100%| O|  |TAMS 0x0000000087500000| PB 0x0000000087500000| Untracked 
| 118|0x0000000087600000, 0x0000000087700000, 0x0000000087700000|100%| O|  |TAMS 0x0000000087600000| PB 0x0000000087600000| Untracked 
| 119|0x0000000087700000, 0x0000000087800000, 0x0000000087800000|100%| O|  |TAMS 0x0000000087700000| PB 0x0000000087700000| Untracked 
| 120|0x0000000087800000, 0x0000000087900000, 0x0000000087900000|100%| O|  |TAMS 0x0000000087800000| PB 0x0000000087800000| Untracked 
| 121|0x0000000087900000, 0x0000000087a00000, 0x0000000087a00000|100%| O|  |TAMS 0x0000000087900000| PB 0x0000000087900000| Untracked 
| 122|0x0000000087a00000, 0x0000000087b00000, 0x0000000087b00000|100%| O|  |TAMS 0x0000000087a00000| PB 0x0000000087a00000| Untracked 
| 123|0x0000000087b00000, 0x0000000087c00000, 0x0000000087c00000|100%| O|  |TAMS 0x0000000087b00000| PB 0x0000000087b00000| Untracked 
| 124|0x0000000087c00000, 0x0000000087d00000, 0x0000000087d00000|100%| O|  |TAMS 0x0000000087c00000| PB 0x0000000087c00000| Untracked 
| 125|0x0000000087d00000, 0x0000000087e00000, 0x0000000087e00000|100%| O|  |TAMS 0x0000000087d00000| PB 0x0000000087d00000| Untracked 
| 126|0x0000000087e00000, 0x0000000087f00000, 0x0000000087f00000|100%| O|  |TAMS 0x0000000087e00000| PB 0x0000000087e00000| Untracked 
| 127|0x0000000087f00000, 0x0000000088000000, 0x0000000088000000|100%| O|  |TAMS 0x0000000087f00000| PB 0x0000000087f00000| Untracked 
| 128|0x0000000088000000, 0x0000000088100000, 0x0000000088100000|100%| O|  |TAMS 0x0000000088000000| PB 0x0000000088000000| Untracked 
| 129|0x0000000088100000, 0x0000000088200000, 0x0000000088200000|100%| O|  |TAMS 0x0000000088100000| PB 0x0000000088100000| Untracked 
| 130|0x0000000088200000, 0x0000000088300000, 0x0000000088300000|100%| O|  |TAMS 0x0000000088200000| PB 0x0000000088200000| Untracked 
| 131|0x0000000088300000, 0x0000000088400000, 0x0000000088400000|100%| O|  |TAMS 0x0000000088300000| PB 0x0000000088300000| Untracked 
| 132|0x0000000088400000, 0x0000000088500000, 0x0000000088500000|100%| O|  |TAMS 0x0000000088400000| PB 0x0000000088400000| Untracked 
| 133|0x0000000088500000, 0x0000000088600000, 0x0000000088600000|100%| O|  |TAMS 0x0000000088500000| PB 0x0000000088500000| Untracked 
| 134|0x0000000088600000, 0x0000000088700000, 0x0000000088700000|100%| O|  |TAMS 0x0000000088600000| PB 0x0000000088600000| Untracked 
| 135|0x0000000088700000, 0x0000000088800000, 0x0000000088800000|100%| O|  |TAMS 0x0000000088700000| PB 0x0000000088700000| Untracked 
| 136|0x0000000088800000, 0x0000000088900000, 0x0000000088900000|100%| O|  |TAMS 0x0000000088800000| PB 0x0000000088800000| Untracked 
| 137|0x0000000088900000, 0x0000000088a00000, 0x0000000088a00000|100%| O|  |TAMS 0x0000000088900000| PB 0x0000000088900000| Untracked 
| 138|0x0000000088a00000, 0x0000000088b00000, 0x0000000088b00000|100%| O|  |TAMS 0x0000000088a00000| PB 0x0000000088a00000| Untracked 
| 139|0x0000000088b00000, 0x0000000088c00000, 0x0000000088c00000|100%| O|  |TAMS 0x0000000088b00000| PB 0x0000000088b00000| Untracked 
| 140|0x0000000088c00000, 0x0000000088d00000, 0x0000000088d00000|100%| O|  |TAMS 0x0000000088c00000| PB 0x0000000088c00000| Untracked 
| 141|0x0000000088d00000, 0x0000000088e00000, 0x0000000088e00000|100%| O|  |TAMS 0x0000000088d00000| PB 0x0000000088d00000| Untracked 
| 142|0x0000000088e00000, 0x0000000088f00000, 0x0000000088f00000|100%| O|  |TAMS 0x0000000088e00000| PB 0x0000000088e00000| Untracked 
| 143|0x0000000088f00000, 0x0000000089000000, 0x0000000089000000|100%| O|  |TAMS 0x0000000088f00000| PB 0x0000000088f00000| Untracked 
| 144|0x0000000089000000, 0x0000000089100000, 0x0000000089100000|100%| O|  |TAMS 0x0000000089000000| PB 0x0000000089000000| Untracked 
| 145|0x0000000089100000, 0x0000000089200000, 0x0000000089200000|100%| O|  |TAMS 0x0000000089100000| PB 0x0000000089100000| Untracked 
| 146|0x0000000089200000, 0x0000000089300000, 0x0000000089300000|100%| O|  |TAMS 0x0000000089200000| PB 0x0000000089200000| Untracked 
| 147|0x0000000089300000, 0x0000000089400000, 0x0000000089400000|100%| O|  |TAMS 0x0000000089300000| PB 0x0000000089300000| Untracked 
| 148|0x0000000089400000, 0x0000000089500000, 0x0000000089500000|100%| O|  |TAMS 0x0000000089400000| PB 0x0000000089400000| Untracked 
| 149|0x0000000089500000, 0x0000000089600000, 0x0000000089600000|100%| O|  |TAMS 0x0000000089500000| PB 0x0000000089500000| Untracked 
| 150|0x0000000089600000, 0x0000000089700000, 0x0000000089700000|100%| O|  |TAMS 0x0000000089600000| PB 0x0000000089600000| Untracked 
| 151|0x0000000089700000, 0x0000000089800000, 0x0000000089800000|100%| O|  |TAMS 0x0000000089700000| PB 0x0000000089700000| Untracked 
| 152|0x0000000089800000, 0x0000000089900000, 0x0000000089900000|100%| O|  |TAMS 0x0000000089800000| PB 0x0000000089800000| Untracked 
| 153|0x0000000089900000, 0x0000000089a00000, 0x0000000089a00000|100%| O|  |TAMS 0x0000000089900000| PB 0x0000000089900000| Untracked 
| 154|0x0000000089a00000, 0x0000000089b00000, 0x0000000089b00000|100%| O|  |TAMS 0x0000000089a00000| PB 0x0000000089a00000| Untracked 
| 155|0x0000000089b00000, 0x0000000089c00000, 0x0000000089c00000|100%| O|  |TAMS 0x0000000089b00000| PB 0x0000000089b00000| Untracked 
| 156|0x0000000089c00000, 0x0000000089d00000, 0x0000000089d00000|100%| O|  |TAMS 0x0000000089c00000| PB 0x0000000089c00000| Untracked 
| 157|0x0000000089d00000, 0x0000000089e00000, 0x0000000089e00000|100%| O|  |TAMS 0x0000000089d00000| PB 0x0000000089d00000| Untracked 
| 158|0x0000000089e00000, 0x0000000089f00000, 0x0000000089f00000|100%| O|  |TAMS 0x0000000089e00000| PB 0x0000000089e00000| Untracked 
| 159|0x0000000089f00000, 0x0000000089f80000, 0x000000008a000000| 50%| O|  |TAMS 0x0000000089f00000| PB 0x0000000089f00000| Untracked 
| 160|0x000000008a000000, 0x000000008a000000, 0x000000008a100000|  0%| F|  |TAMS 0x000000008a000000| PB 0x000000008a000000| Untracked 
| 161|0x000000008a100000, 0x000000008a100000, 0x000000008a200000|  0%| F|  |TAMS 0x000000008a100000| PB 0x000000008a100000| Untracked 
| 162|0x000000008a200000, 0x000000008a200000, 0x000000008a300000|  0%| F|  |TAMS 0x000000008a200000| PB 0x000000008a200000| Untracked 
| 163|0x000000008a300000, 0x000000008a300000, 0x000000008a400000|  0%| F|  |TAMS 0x000000008a300000| PB 0x000000008a300000| Untracked 
| 164|0x000000008a400000, 0x000000008a400000, 0x000000008a500000|  0%| F|  |TAMS 0x000000008a400000| PB 0x000000008a400000| Untracked 
| 165|0x000000008a500000, 0x000000008a500000, 0x000000008a600000|  0%| F|  |TAMS 0x000000008a500000| PB 0x000000008a500000| Untracked 
| 166|0x000000008a600000, 0x000000008a600000, 0x000000008a700000|  0%| F|  |TAMS 0x000000008a600000| PB 0x000000008a600000| Untracked 
| 167|0x000000008a700000, 0x000000008a700000, 0x000000008a800000|  0%| F|  |TAMS 0x000000008a700000| PB 0x000000008a700000| Untracked 
| 168|0x000000008a800000, 0x000000008a800000, 0x000000008a900000|  0%| F|  |TAMS 0x000000008a800000| PB 0x000000008a800000| Untracked 
| 169|0x000000008a900000, 0x000000008a900000, 0x000000008aa00000|  0%| F|  |TAMS 0x000000008a900000| PB 0x000000008a900000| Untracked 
| 170|0x000000008aa00000, 0x000000008aa00000, 0x000000008ab00000|  0%| F|  |TAMS 0x000000008aa00000| PB 0x000000008aa00000| Untracked 
| 171|0x000000008ab00000, 0x000000008ab00000, 0x000000008ac00000|  0%| F|  |TAMS 0x000000008ab00000| PB 0x000000008ab00000| Untracked 
| 172|0x000000008ac00000, 0x000000008ac00000, 0x000000008ad00000|  0%| F|  |TAMS 0x000000008ac00000| PB 0x000000008ac00000| Untracked 
| 173|0x000000008ad00000, 0x000000008ad00000, 0x000000008ae00000|  0%| F|  |TAMS 0x000000008ad00000| PB 0x000000008ad00000| Untracked 
| 174|0x000000008ae00000, 0x000000008ae00000, 0x000000008af00000|  0%| F|  |TAMS 0x000000008ae00000| PB 0x000000008ae00000| Untracked 
| 175|0x000000008af00000, 0x000000008af00000, 0x000000008b000000|  0%| F|  |TAMS 0x000000008af00000| PB 0x000000008af00000| Untracked 
| 176|0x000000008b000000, 0x000000008b000000, 0x000000008b100000|  0%| F|  |TAMS 0x000000008b000000| PB 0x000000008b000000| Untracked 
| 177|0x000000008b100000, 0x000000008b100000, 0x000000008b200000|  0%| F|  |TAMS 0x000000008b100000| PB 0x000000008b100000| Untracked 
| 178|0x000000008b200000, 0x000000008b200000, 0x000000008b300000|  0%| F|  |TAMS 0x000000008b200000| PB 0x000000008b200000| Untracked 
| 179|0x000000008b300000, 0x000000008b300000, 0x000000008b400000|  0%| F|  |TAMS 0x000000008b300000| PB 0x000000008b300000| Untracked 
| 180|0x000000008b400000, 0x000000008b400000, 0x000000008b500000|  0%| F|  |TAMS 0x000000008b400000| PB 0x000000008b400000| Untracked 
| 181|0x000000008b500000, 0x000000008b500000, 0x000000008b600000|  0%| F|  |TAMS 0x000000008b500000| PB 0x000000008b500000| Untracked 
| 182|0x000000008b600000, 0x000000008b600000, 0x000000008b700000|  0%| F|  |TAMS 0x000000008b600000| PB 0x000000008b600000| Untracked 
| 183|0x000000008b700000, 0x000000008b700000, 0x000000008b800000|  0%| F|  |TAMS 0x000000008b700000| PB 0x000000008b700000| Untracked 
| 184|0x000000008b800000, 0x000000008b800000, 0x000000008b900000|  0%| F|  |TAMS 0x000000008b800000| PB 0x000000008b800000| Untracked 
| 185|0x000000008b900000, 0x000000008b900000, 0x000000008ba00000|  0%| F|  |TAMS 0x000000008b900000| PB 0x000000008b900000| Untracked 
| 186|0x000000008ba00000, 0x000000008ba00000, 0x000000008bb00000|  0%| F|  |TAMS 0x000000008ba00000| PB 0x000000008ba00000| Untracked 
| 187|0x000000008bb00000, 0x000000008bb00000, 0x000000008bc00000|  0%| F|  |TAMS 0x000000008bb00000| PB 0x000000008bb00000| Untracked 
| 188|0x000000008bc00000, 0x000000008bc00000, 0x000000008bd00000|  0%| F|  |TAMS 0x000000008bc00000| PB 0x000000008bc00000| Untracked 
| 189|0x000000008bd00000, 0x000000008bd00000, 0x000000008be00000|  0%| F|  |TAMS 0x000000008bd00000| PB 0x000000008bd00000| Untracked 
| 190|0x000000008be00000, 0x000000008be00000, 0x000000008bf00000|  0%| F|  |TAMS 0x000000008be00000| PB 0x000000008be00000| Untracked 
| 191|0x000000008bf00000, 0x000000008bf00000, 0x000000008c000000|  0%| F|  |TAMS 0x000000008bf00000| PB 0x000000008bf00000| Untracked 
| 192|0x000000008c000000, 0x000000008c000000, 0x000000008c100000|  0%| F|  |TAMS 0x000000008c000000| PB 0x000000008c000000| Untracked 
| 193|0x000000008c100000, 0x000000008c100000, 0x000000008c200000|  0%| F|  |TAMS 0x000000008c100000| PB 0x000000008c100000| Untracked 
| 194|0x000000008c200000, 0x000000008c200000, 0x000000008c300000|  0%| F|  |TAMS 0x000000008c200000| PB 0x000000008c200000| Untracked 
| 195|0x000000008c300000, 0x000000008c300000, 0x000000008c400000|  0%| F|  |TAMS 0x000000008c300000| PB 0x000000008c300000| Untracked 
| 196|0x000000008c400000, 0x000000008c400000, 0x000000008c500000|  0%| F|  |TAMS 0x000000008c400000| PB 0x000000008c400000| Untracked 
| 197|0x000000008c500000, 0x000000008c500000, 0x000000008c600000|  0%| F|  |TAMS 0x000000008c500000| PB 0x000000008c500000| Untracked 
| 198|0x000000008c600000, 0x000000008c600000, 0x000000008c700000|  0%| F|  |TAMS 0x000000008c600000| PB 0x000000008c600000| Untracked 
| 199|0x000000008c700000, 0x000000008c700000, 0x000000008c800000|  0%| F|  |TAMS 0x000000008c700000| PB 0x000000008c700000| Untracked 
| 200|0x000000008c800000, 0x000000008c800000, 0x000000008c900000|  0%| F|  |TAMS 0x000000008c800000| PB 0x000000008c800000| Untracked 
| 201|0x000000008c900000, 0x000000008c900000, 0x000000008ca00000|  0%| F|  |TAMS 0x000000008c900000| PB 0x000000008c900000| Untracked 
| 202|0x000000008ca00000, 0x000000008ca00000, 0x000000008cb00000|  0%| F|  |TAMS 0x000000008ca00000| PB 0x000000008ca00000| Untracked 
| 203|0x000000008cb00000, 0x000000008cb00000, 0x000000008cc00000|  0%| F|  |TAMS 0x000000008cb00000| PB 0x000000008cb00000| Untracked 
| 204|0x000000008cc00000, 0x000000008cc00000, 0x000000008cd00000|  0%| F|  |TAMS 0x000000008cc00000| PB 0x000000008cc00000| Untracked 
| 205|0x000000008cd00000, 0x000000008ce00000, 0x000000008ce00000|100%| O|  |TAMS 0x000000008cd00000| PB 0x000000008cd00000| Untracked 
| 206|0x000000008ce00000, 0x000000008ce00000, 0x000000008cf00000|  0%| F|  |TAMS 0x000000008ce00000| PB 0x000000008ce00000| Untracked 
| 207|0x000000008cf00000, 0x000000008cf00000, 0x000000008d000000|  0%| F|  |TAMS 0x000000008cf00000| PB 0x000000008cf00000| Untracked 
| 208|0x000000008d000000, 0x000000008d000000, 0x000000008d100000|  0%| F|  |TAMS 0x000000008d000000| PB 0x000000008d000000| Untracked 
| 209|0x000000008d100000, 0x000000008d100000, 0x000000008d200000|  0%| F|  |TAMS 0x000000008d100000| PB 0x000000008d100000| Untracked 
| 210|0x000000008d200000, 0x000000008d200000, 0x000000008d300000|  0%| F|  |TAMS 0x000000008d200000| PB 0x000000008d200000| Untracked 
| 211|0x000000008d300000, 0x000000008d300000, 0x000000008d400000|  0%| F|  |TAMS 0x000000008d300000| PB 0x000000008d300000| Untracked 
| 212|0x000000008d400000, 0x000000008d400000, 0x000000008d500000|  0%| F|  |TAMS 0x000000008d400000| PB 0x000000008d400000| Untracked 
| 213|0x000000008d500000, 0x000000008d500000, 0x000000008d600000|  0%| F|  |TAMS 0x000000008d500000| PB 0x000000008d500000| Untracked 
| 214|0x000000008d600000, 0x000000008d600000, 0x000000008d700000|  0%| F|  |TAMS 0x000000008d600000| PB 0x000000008d600000| Untracked 
| 215|0x000000008d700000, 0x000000008d700000, 0x000000008d800000|  0%| F|  |TAMS 0x000000008d700000| PB 0x000000008d700000| Untracked 
| 216|0x000000008d800000, 0x000000008d800000, 0x000000008d900000|  0%| F|  |TAMS 0x000000008d800000| PB 0x000000008d800000| Untracked 
| 217|0x000000008d900000, 0x000000008d900000, 0x000000008da00000|  0%| F|  |TAMS 0x000000008d900000| PB 0x000000008d900000| Untracked 
| 218|0x000000008da00000, 0x000000008da00000, 0x000000008db00000|  0%| F|  |TAMS 0x000000008da00000| PB 0x000000008da00000| Untracked 
| 219|0x000000008db00000, 0x000000008db00000, 0x000000008dc00000|  0%| F|  |TAMS 0x000000008db00000| PB 0x000000008db00000| Untracked 
| 220|0x000000008dc00000, 0x000000008dc00000, 0x000000008dd00000|  0%| F|  |TAMS 0x000000008dc00000| PB 0x000000008dc00000| Untracked 
| 221|0x000000008dd00000, 0x000000008dd00000, 0x000000008de00000|  0%| F|  |TAMS 0x000000008dd00000| PB 0x000000008dd00000| Untracked 
| 222|0x000000008de00000, 0x000000008de00000, 0x000000008df00000|  0%| F|  |TAMS 0x000000008de00000| PB 0x000000008de00000| Untracked 
| 223|0x000000008df00000, 0x000000008df00000, 0x000000008e000000|  0%| F|  |TAMS 0x000000008df00000| PB 0x000000008df00000| Untracked 
| 224|0x000000008e000000, 0x000000008e000000, 0x000000008e100000|  0%| F|  |TAMS 0x000000008e000000| PB 0x000000008e000000| Untracked 
| 225|0x000000008e100000, 0x000000008e100000, 0x000000008e200000|  0%| F|  |TAMS 0x000000008e100000| PB 0x000000008e100000| Untracked 
| 226|0x000000008e200000, 0x000000008e200000, 0x000000008e300000|  0%| F|  |TAMS 0x000000008e200000| PB 0x000000008e200000| Untracked 
| 227|0x000000008e300000, 0x000000008e300000, 0x000000008e400000|  0%| F|  |TAMS 0x000000008e300000| PB 0x000000008e300000| Untracked 
| 228|0x000000008e400000, 0x000000008e400000, 0x000000008e500000|  0%| F|  |TAMS 0x000000008e400000| PB 0x000000008e400000| Untracked 
| 229|0x000000008e500000, 0x000000008e500000, 0x000000008e600000|  0%| F|  |TAMS 0x000000008e500000| PB 0x000000008e500000| Untracked 
| 230|0x000000008e600000, 0x000000008e600000, 0x000000008e700000|  0%| F|  |TAMS 0x000000008e600000| PB 0x000000008e600000| Untracked 
| 231|0x000000008e700000, 0x000000008e700000, 0x000000008e800000|  0%| F|  |TAMS 0x000000008e700000| PB 0x000000008e700000| Untracked 
| 232|0x000000008e800000, 0x000000008e800000, 0x000000008e900000|  0%| F|  |TAMS 0x000000008e800000| PB 0x000000008e800000| Untracked 
| 233|0x000000008e900000, 0x000000008e900000, 0x000000008ea00000|  0%| F|  |TAMS 0x000000008e900000| PB 0x000000008e900000| Untracked 
| 234|0x000000008ea00000, 0x000000008ea00000, 0x000000008eb00000|  0%| F|  |TAMS 0x000000008ea00000| PB 0x000000008ea00000| Untracked 
| 235|0x000000008eb00000, 0x000000008eb00000, 0x000000008ec00000|  0%| F|  |TAMS 0x000000008eb00000| PB 0x000000008eb00000| Untracked 
| 236|0x000000008ec00000, 0x000000008ec00000, 0x000000008ed00000|  0%| F|  |TAMS 0x000000008ec00000| PB 0x000000008ec00000| Untracked 
| 237|0x000000008ed00000, 0x000000008ed00000, 0x000000008ee00000|  0%| F|  |TAMS 0x000000008ed00000| PB 0x000000008ed00000| Untracked 
| 238|0x000000008ee00000, 0x000000008ee00000, 0x000000008ef00000|  0%| F|  |TAMS 0x000000008ee00000| PB 0x000000008ee00000| Untracked 
| 239|0x000000008ef00000, 0x000000008ef00000, 0x000000008f000000|  0%| F|  |TAMS 0x000000008ef00000| PB 0x000000008ef00000| Untracked 
| 240|0x000000008f000000, 0x000000008f000000, 0x000000008f100000|  0%| F|  |TAMS 0x000000008f000000| PB 0x000000008f000000| Untracked 
| 241|0x000000008f100000, 0x000000008f100000, 0x000000008f200000|  0%| F|  |TAMS 0x000000008f100000| PB 0x000000008f100000| Untracked 
| 242|0x000000008f200000, 0x000000008f200000, 0x000000008f300000|  0%| F|  |TAMS 0x000000008f200000| PB 0x000000008f200000| Untracked 
| 243|0x000000008f300000, 0x000000008f300000, 0x000000008f400000|  0%| F|  |TAMS 0x000000008f300000| PB 0x000000008f300000| Untracked 
| 244|0x000000008f400000, 0x000000008f400000, 0x000000008f500000|  0%| F|  |TAMS 0x000000008f400000| PB 0x000000008f400000| Untracked 
| 245|0x000000008f500000, 0x000000008f500000, 0x000000008f600000|  0%| F|  |TAMS 0x000000008f500000| PB 0x000000008f500000| Untracked 
| 246|0x000000008f600000, 0x000000008f600000, 0x000000008f700000|  0%| F|  |TAMS 0x000000008f600000| PB 0x000000008f600000| Untracked 
| 247|0x000000008f700000, 0x000000008f700000, 0x000000008f800000|  0%| F|  |TAMS 0x000000008f700000| PB 0x000000008f700000| Untracked 
| 248|0x000000008f800000, 0x000000008f800000, 0x000000008f900000|  0%| F|  |TAMS 0x000000008f800000| PB 0x000000008f800000| Untracked 
| 249|0x000000008f900000, 0x000000008f900000, 0x000000008fa00000|  0%| F|  |TAMS 0x000000008f900000| PB 0x000000008f900000| Untracked 
| 250|0x000000008fa00000, 0x000000008fa00000, 0x000000008fb00000|  0%| F|  |TAMS 0x000000008fa00000| PB 0x000000008fa00000| Untracked 
| 251|0x000000008fb00000, 0x000000008fb00000, 0x000000008fc00000|  0%| F|  |TAMS 0x000000008fb00000| PB 0x000000008fb00000| Untracked 
| 252|0x000000008fc00000, 0x000000008fc00000, 0x000000008fd00000|  0%| F|  |TAMS 0x000000008fc00000| PB 0x000000008fc00000| Untracked 
| 253|0x000000008fd00000, 0x000000008fd00000, 0x000000008fe00000|  0%| F|  |TAMS 0x000000008fd00000| PB 0x000000008fd00000| Untracked 
| 254|0x000000008fe00000, 0x000000008fe00000, 0x000000008ff00000|  0%| F|  |TAMS 0x000000008fe00000| PB 0x000000008fe00000| Untracked 
| 255|0x000000008ff00000, 0x000000008ff00000, 0x0000000090000000|  0%| F|  |TAMS 0x000000008ff00000| PB 0x000000008ff00000| Untracked 
| 256|0x0000000090000000, 0x0000000090000000, 0x0000000090100000|  0%| F|  |TAMS 0x0000000090000000| PB 0x0000000090000000| Untracked 
| 257|0x0000000090100000, 0x0000000090100000, 0x0000000090200000|  0%| F|  |TAMS 0x0000000090100000| PB 0x0000000090100000| Untracked 
| 258|0x0000000090200000, 0x0000000090200000, 0x0000000090300000|  0%| F|  |TAMS 0x0000000090200000| PB 0x0000000090200000| Untracked 
| 259|0x0000000090300000, 0x0000000090300000, 0x0000000090400000|  0%| F|  |TAMS 0x0000000090300000| PB 0x0000000090300000| Untracked 
| 260|0x0000000090400000, 0x0000000090400000, 0x0000000090500000|  0%| F|  |TAMS 0x0000000090400000| PB 0x0000000090400000| Untracked 
| 261|0x0000000090500000, 0x0000000090500000, 0x0000000090600000|  0%| F|  |TAMS 0x0000000090500000| PB 0x0000000090500000| Untracked 
| 262|0x0000000090600000, 0x0000000090600000, 0x0000000090700000|  0%| F|  |TAMS 0x0000000090600000| PB 0x0000000090600000| Untracked 
| 263|0x0000000090700000, 0x0000000090800000, 0x0000000090800000|100%| O|  |TAMS 0x0000000090700000| PB 0x0000000090700000| Untracked 
| 264|0x0000000090800000, 0x0000000090800000, 0x0000000090900000|  0%| F|  |TAMS 0x0000000090800000| PB 0x0000000090800000| Untracked 
| 265|0x0000000090900000, 0x0000000090a00000, 0x0000000090a00000|100%| O|  |TAMS 0x0000000090900000| PB 0x0000000090900000| Untracked 
| 266|0x0000000090a00000, 0x0000000090a00000, 0x0000000090b00000|  0%| F|  |TAMS 0x0000000090a00000| PB 0x0000000090a00000| Untracked 
| 267|0x0000000090b00000, 0x0000000090b00000, 0x0000000090c00000|  0%| F|  |TAMS 0x0000000090b00000| PB 0x0000000090b00000| Untracked 
| 268|0x0000000090c00000, 0x0000000090c00000, 0x0000000090d00000|  0%| F|  |TAMS 0x0000000090c00000| PB 0x0000000090c00000| Untracked 
| 269|0x0000000090d00000, 0x0000000090d00000, 0x0000000090e00000|  0%| F|  |TAMS 0x0000000090d00000| PB 0x0000000090d00000| Untracked 
| 270|0x0000000090e00000, 0x0000000090e00000, 0x0000000090f00000|  0%| F|  |TAMS 0x0000000090e00000| PB 0x0000000090e00000| Untracked 
| 271|0x0000000090f00000, 0x0000000090f00000, 0x0000000091000000|  0%| F|  |TAMS 0x0000000090f00000| PB 0x0000000090f00000| Untracked 
| 272|0x0000000091000000, 0x0000000091000000, 0x0000000091100000|  0%| F|  |TAMS 0x0000000091000000| PB 0x0000000091000000| Untracked 
| 273|0x0000000091100000, 0x0000000091100000, 0x0000000091200000|  0%| F|  |TAMS 0x0000000091100000| PB 0x0000000091100000| Untracked 
| 274|0x0000000091200000, 0x0000000091200000, 0x0000000091300000|  0%| F|  |TAMS 0x0000000091200000| PB 0x0000000091200000| Untracked 
| 275|0x0000000091300000, 0x0000000091300000, 0x0000000091400000|  0%| F|  |TAMS 0x0000000091300000| PB 0x0000000091300000| Untracked 
| 276|0x0000000091400000, 0x0000000091400000, 0x0000000091500000|  0%| F|  |TAMS 0x0000000091400000| PB 0x0000000091400000| Untracked 
| 277|0x0000000091500000, 0x0000000091500000, 0x0000000091600000|  0%| F|  |TAMS 0x0000000091500000| PB 0x0000000091500000| Untracked 
| 278|0x0000000091600000, 0x0000000091600000, 0x0000000091700000|  0%| F|  |TAMS 0x0000000091600000| PB 0x0000000091600000| Untracked 
| 279|0x0000000091700000, 0x0000000091700000, 0x0000000091800000|  0%| F|  |TAMS 0x0000000091700000| PB 0x0000000091700000| Untracked 
| 280|0x0000000091800000, 0x0000000091800000, 0x0000000091900000|  0%| F|  |TAMS 0x0000000091800000| PB 0x0000000091800000| Untracked 
| 281|0x0000000091900000, 0x0000000091900000, 0x0000000091a00000|  0%| F|  |TAMS 0x0000000091900000| PB 0x0000000091900000| Untracked 
| 282|0x0000000091a00000, 0x0000000091a00000, 0x0000000091b00000|  0%| F|  |TAMS 0x0000000091a00000| PB 0x0000000091a00000| Untracked 
| 283|0x0000000091b00000, 0x0000000091b00000, 0x0000000091c00000|  0%| F|  |TAMS 0x0000000091b00000| PB 0x0000000091b00000| Untracked 
| 284|0x0000000091c00000, 0x0000000091c00000, 0x0000000091d00000|  0%| F|  |TAMS 0x0000000091c00000| PB 0x0000000091c00000| Untracked 
| 285|0x0000000091d00000, 0x0000000091d00000, 0x0000000091e00000|  0%| F|  |TAMS 0x0000000091d00000| PB 0x0000000091d00000| Untracked 
| 286|0x0000000091e00000, 0x0000000091e00000, 0x0000000091f00000|  0%| F|  |TAMS 0x0000000091e00000| PB 0x0000000091e00000| Untracked 
| 287|0x0000000091f00000, 0x0000000091f00000, 0x0000000092000000|  0%| F|  |TAMS 0x0000000091f00000| PB 0x0000000091f00000| Untracked 
| 288|0x0000000092000000, 0x0000000092000000, 0x0000000092100000|  0%| F|  |TAMS 0x0000000092000000| PB 0x0000000092000000| Untracked 
| 289|0x0000000092100000, 0x0000000092100000, 0x0000000092200000|  0%| F|  |TAMS 0x0000000092100000| PB 0x0000000092100000| Untracked 
| 290|0x0000000092200000, 0x0000000092200000, 0x0000000092300000|  0%| F|  |TAMS 0x0000000092200000| PB 0x0000000092200000| Untracked 
| 291|0x0000000092300000, 0x0000000092300000, 0x0000000092400000|  0%| F|  |TAMS 0x0000000092300000| PB 0x0000000092300000| Untracked 
| 292|0x0000000092400000, 0x0000000092400000, 0x0000000092500000|  0%| F|  |TAMS 0x0000000092400000| PB 0x0000000092400000| Untracked 
| 293|0x0000000092500000, 0x0000000092500000, 0x0000000092600000|  0%| F|  |TAMS 0x0000000092500000| PB 0x0000000092500000| Untracked 
| 294|0x0000000092600000, 0x0000000092700000, 0x0000000092700000|100%|HS|  |TAMS 0x0000000092600000| PB 0x0000000092600000| Complete 
| 295|0x0000000092700000, 0x0000000092700000, 0x0000000092800000|  0%| F|  |TAMS 0x0000000092700000| PB 0x0000000092700000| Untracked 
| 296|0x0000000092800000, 0x0000000092800000, 0x0000000092900000|  0%| F|  |TAMS 0x0000000092800000| PB 0x0000000092800000| Untracked 
| 297|0x0000000092900000, 0x0000000092900000, 0x0000000092a00000|  0%| F|  |TAMS 0x0000000092900000| PB 0x0000000092900000| Untracked 
| 298|0x0000000092a00000, 0x0000000092a00000, 0x0000000092b00000|  0%| F|  |TAMS 0x0000000092a00000| PB 0x0000000092a00000| Untracked 
| 299|0x0000000092b00000, 0x0000000092b00000, 0x0000000092c00000|  0%| F|  |TAMS 0x0000000092b00000| PB 0x0000000092b00000| Untracked 
| 300|0x0000000092c00000, 0x0000000092c00000, 0x0000000092d00000|  0%| F|  |TAMS 0x0000000092c00000| PB 0x0000000092c00000| Untracked 
| 301|0x0000000092d00000, 0x0000000092d00000, 0x0000000092e00000|  0%| F|  |TAMS 0x0000000092d00000| PB 0x0000000092d00000| Untracked 
| 302|0x0000000092e00000, 0x0000000092e00000, 0x0000000092f00000|  0%| F|  |TAMS 0x0000000092e00000| PB 0x0000000092e00000| Untracked 
| 303|0x0000000092f00000, 0x0000000092f00000, 0x0000000093000000|  0%| F|  |TAMS 0x0000000092f00000| PB 0x0000000092f00000| Untracked 
| 304|0x0000000093000000, 0x0000000093000000, 0x0000000093100000|  0%| F|  |TAMS 0x0000000093000000| PB 0x0000000093000000| Untracked 
| 305|0x0000000093100000, 0x0000000093100000, 0x0000000093200000|  0%| F|  |TAMS 0x0000000093100000| PB 0x0000000093100000| Untracked 
| 306|0x0000000093200000, 0x0000000093200000, 0x0000000093300000|  0%| F|  |TAMS 0x0000000093200000| PB 0x0000000093200000| Untracked 
| 307|0x0000000093300000, 0x0000000093300000, 0x0000000093400000|  0%| F|  |TAMS 0x0000000093300000| PB 0x0000000093300000| Untracked 
| 308|0x0000000093400000, 0x0000000093400000, 0x0000000093500000|  0%| F|  |TAMS 0x0000000093400000| PB 0x0000000093400000| Untracked 
| 309|0x0000000093500000, 0x0000000093500000, 0x0000000093600000|  0%| F|  |TAMS 0x0000000093500000| PB 0x0000000093500000| Untracked 
| 310|0x0000000093600000, 0x0000000093600000, 0x0000000093700000|  0%| F|  |TAMS 0x0000000093600000| PB 0x0000000093600000| Untracked 
| 311|0x0000000093700000, 0x0000000093700000, 0x0000000093800000|  0%| F|  |TAMS 0x0000000093700000| PB 0x0000000093700000| Untracked 
| 312|0x0000000093800000, 0x0000000093800000, 0x0000000093900000|  0%| F|  |TAMS 0x0000000093800000| PB 0x0000000093800000| Untracked 
| 313|0x0000000093900000, 0x0000000093900000, 0x0000000093a00000|  0%| F|  |TAMS 0x0000000093900000| PB 0x0000000093900000| Untracked 
| 314|0x0000000093a00000, 0x0000000093a00000, 0x0000000093b00000|  0%| F|  |TAMS 0x0000000093a00000| PB 0x0000000093a00000| Untracked 
| 315|0x0000000093b00000, 0x0000000093b00000, 0x0000000093c00000|  0%| F|  |TAMS 0x0000000093b00000| PB 0x0000000093b00000| Untracked 
| 316|0x0000000093c00000, 0x0000000093c00000, 0x0000000093d00000|  0%| F|  |TAMS 0x0000000093c00000| PB 0x0000000093c00000| Untracked 
| 317|0x0000000093d00000, 0x0000000093e00000, 0x0000000093e00000|100%| O|  |TAMS 0x0000000093d00000| PB 0x0000000093d00000| Untracked 
| 318|0x0000000093e00000, 0x0000000093f00000, 0x0000000093f00000|100%| O|  |TAMS 0x0000000093e00000| PB 0x0000000093e00000| Untracked 
| 319|0x0000000093f00000, 0x0000000094000000, 0x0000000094000000|100%| O|  |TAMS 0x0000000093f00000| PB 0x0000000093f00000| Untracked 
| 320|0x0000000094000000, 0x0000000094100000, 0x0000000094100000|100%| O|  |TAMS 0x0000000094000000| PB 0x0000000094000000| Untracked 
| 321|0x0000000094100000, 0x0000000094200000, 0x0000000094200000|100%| O|  |TAMS 0x0000000094100000| PB 0x0000000094100000| Untracked 
| 322|0x0000000094200000, 0x0000000094300000, 0x0000000094300000|100%| O|  |TAMS 0x0000000094200000| PB 0x0000000094200000| Untracked 
| 323|0x0000000094300000, 0x0000000094400000, 0x0000000094400000|100%| O|Cm|TAMS 0x0000000094300000| PB 0x0000000094300000| Complete 
| 324|0x0000000094400000, 0x0000000094500000, 0x0000000094500000|100%| O|Cm|TAMS 0x0000000094400000| PB 0x0000000094400000| Complete 
| 325|0x0000000094500000, 0x0000000094500000, 0x0000000094600000|  0%| F|  |TAMS 0x0000000094500000| PB 0x0000000094500000| Untracked 
| 326|0x0000000094600000, 0x0000000094600000, 0x0000000094700000|  0%| F|  |TAMS 0x0000000094600000| PB 0x0000000094600000| Untracked 
| 327|0x0000000094700000, 0x0000000094800000, 0x0000000094800000|100%| O|  |TAMS 0x0000000094700000| PB 0x0000000094700000| Untracked 
| 328|0x0000000094800000, 0x0000000094900000, 0x0000000094900000|100%| O|  |TAMS 0x0000000094800000| PB 0x0000000094800000| Untracked 
| 329|0x0000000094900000, 0x0000000094900000, 0x0000000094a00000|  0%| F|  |TAMS 0x0000000094900000| PB 0x0000000094900000| Untracked 
| 330|0x0000000094a00000, 0x0000000094a00000, 0x0000000094b00000|  0%| F|  |TAMS 0x0000000094a00000| PB 0x0000000094a00000| Untracked 
| 331|0x0000000094b00000, 0x0000000094b00000, 0x0000000094c00000|  0%| F|  |TAMS 0x0000000094b00000| PB 0x0000000094b00000| Untracked 
| 332|0x0000000094c00000, 0x0000000094c00000, 0x0000000094d00000|  0%| F|  |TAMS 0x0000000094c00000| PB 0x0000000094c00000| Untracked 
| 333|0x0000000094d00000, 0x0000000094d00000, 0x0000000094e00000|  0%| F|  |TAMS 0x0000000094d00000| PB 0x0000000094d00000| Untracked 
| 334|0x0000000094e00000, 0x0000000094e00000, 0x0000000094f00000|  0%| F|  |TAMS 0x0000000094e00000| PB 0x0000000094e00000| Untracked 
| 335|0x0000000094f00000, 0x0000000094f00000, 0x0000000095000000|  0%| F|  |TAMS 0x0000000094f00000| PB 0x0000000094f00000| Untracked 
| 336|0x0000000095000000, 0x0000000095000000, 0x0000000095100000|  0%| F|  |TAMS 0x0000000095000000| PB 0x0000000095000000| Untracked 
| 337|0x0000000095100000, 0x0000000095100000, 0x0000000095200000|  0%| F|  |TAMS 0x0000000095100000| PB 0x0000000095100000| Untracked 
| 338|0x0000000095200000, 0x0000000095200000, 0x0000000095300000|  0%| F|  |TAMS 0x0000000095200000| PB 0x0000000095200000| Untracked 
| 339|0x0000000095300000, 0x0000000095300000, 0x0000000095400000|  0%| F|  |TAMS 0x0000000095300000| PB 0x0000000095300000| Untracked 
| 340|0x0000000095400000, 0x0000000095400000, 0x0000000095500000|  0%| F|  |TAMS 0x0000000095400000| PB 0x0000000095400000| Untracked 
| 341|0x0000000095500000, 0x0000000095500000, 0x0000000095600000|  0%| F|  |TAMS 0x0000000095500000| PB 0x0000000095500000| Untracked 
| 342|0x0000000095600000, 0x0000000095600000, 0x0000000095700000|  0%| F|  |TAMS 0x0000000095600000| PB 0x0000000095600000| Untracked 
| 343|0x0000000095700000, 0x0000000095700000, 0x0000000095800000|  0%| F|  |TAMS 0x0000000095700000| PB 0x0000000095700000| Untracked 
| 344|0x0000000095800000, 0x0000000095800000, 0x0000000095900000|  0%| F|  |TAMS 0x0000000095800000| PB 0x0000000095800000| Untracked 
| 345|0x0000000095900000, 0x0000000095900000, 0x0000000095a00000|  0%| F|  |TAMS 0x0000000095900000| PB 0x0000000095900000| Untracked 
| 346|0x0000000095a00000, 0x0000000095a00000, 0x0000000095b00000|  0%| F|  |TAMS 0x0000000095a00000| PB 0x0000000095a00000| Untracked 
| 347|0x0000000095b00000, 0x0000000095b00000, 0x0000000095c00000|  0%| F|  |TAMS 0x0000000095b00000| PB 0x0000000095b00000| Untracked 
| 348|0x0000000095c00000, 0x0000000095c00000, 0x0000000095d00000|  0%| F|  |TAMS 0x0000000095c00000| PB 0x0000000095c00000| Untracked 
| 349|0x0000000095d00000, 0x0000000095d00000, 0x0000000095e00000|  0%| F|  |TAMS 0x0000000095d00000| PB 0x0000000095d00000| Untracked 
| 350|0x0000000095e00000, 0x0000000095e00000, 0x0000000095f00000|  0%| F|  |TAMS 0x0000000095e00000| PB 0x0000000095e00000| Untracked 
| 351|0x0000000095f00000, 0x0000000095f00000, 0x0000000096000000|  0%| F|  |TAMS 0x0000000095f00000| PB 0x0000000095f00000| Untracked 
| 352|0x0000000096000000, 0x0000000096000000, 0x0000000096100000|  0%| F|  |TAMS 0x0000000096000000| PB 0x0000000096000000| Untracked 
| 353|0x0000000096100000, 0x0000000096100000, 0x0000000096200000|  0%| F|  |TAMS 0x0000000096100000| PB 0x0000000096100000| Untracked 
| 354|0x0000000096200000, 0x0000000096200000, 0x0000000096300000|  0%| F|  |TAMS 0x0000000096200000| PB 0x0000000096200000| Untracked 
| 355|0x0000000096300000, 0x0000000096300000, 0x0000000096400000|  0%| F|  |TAMS 0x0000000096300000| PB 0x0000000096300000| Untracked 
| 356|0x0000000096400000, 0x0000000096400000, 0x0000000096500000|  0%| F|  |TAMS 0x0000000096400000| PB 0x0000000096400000| Untracked 
| 357|0x0000000096500000, 0x0000000096500000, 0x0000000096600000|  0%| F|  |TAMS 0x0000000096500000| PB 0x0000000096500000| Untracked 
| 358|0x0000000096600000, 0x0000000096600000, 0x0000000096700000|  0%| F|  |TAMS 0x0000000096600000| PB 0x0000000096600000| Untracked 
| 359|0x0000000096700000, 0x0000000096700000, 0x0000000096800000|  0%| F|  |TAMS 0x0000000096700000| PB 0x0000000096700000| Untracked 
| 360|0x0000000096800000, 0x0000000096800000, 0x0000000096900000|  0%| F|  |TAMS 0x0000000096800000| PB 0x0000000096800000| Untracked 
| 361|0x0000000096900000, 0x0000000096900000, 0x0000000096a00000|  0%| F|  |TAMS 0x0000000096900000| PB 0x0000000096900000| Untracked 
| 362|0x0000000096a00000, 0x0000000096a00000, 0x0000000096b00000|  0%| F|  |TAMS 0x0000000096a00000| PB 0x0000000096a00000| Untracked 
| 363|0x0000000096b00000, 0x0000000096b00000, 0x0000000096c00000|  0%| F|  |TAMS 0x0000000096b00000| PB 0x0000000096b00000| Untracked 
| 364|0x0000000096c00000, 0x0000000096c00000, 0x0000000096d00000|  0%| F|  |TAMS 0x0000000096c00000| PB 0x0000000096c00000| Untracked 
| 365|0x0000000096d00000, 0x0000000096d00000, 0x0000000096e00000|  0%| F|  |TAMS 0x0000000096d00000| PB 0x0000000096d00000| Untracked 
| 366|0x0000000096e00000, 0x0000000096e00000, 0x0000000096f00000|  0%| F|  |TAMS 0x0000000096e00000| PB 0x0000000096e00000| Untracked 
| 367|0x0000000096f00000, 0x0000000096f00000, 0x0000000097000000|  0%| F|  |TAMS 0x0000000096f00000| PB 0x0000000096f00000| Untracked 
| 368|0x0000000097000000, 0x0000000097000000, 0x0000000097100000|  0%| F|  |TAMS 0x0000000097000000| PB 0x0000000097000000| Untracked 
| 369|0x0000000097100000, 0x0000000097100000, 0x0000000097200000|  0%| F|  |TAMS 0x0000000097100000| PB 0x0000000097100000| Untracked 
| 370|0x0000000097200000, 0x0000000097200000, 0x0000000097300000|  0%| F|  |TAMS 0x0000000097200000| PB 0x0000000097200000| Untracked 
| 371|0x0000000097300000, 0x0000000097300000, 0x0000000097400000|  0%| F|  |TAMS 0x0000000097300000| PB 0x0000000097300000| Untracked 
| 372|0x0000000097400000, 0x0000000097400000, 0x0000000097500000|  0%| F|  |TAMS 0x0000000097400000| PB 0x0000000097400000| Untracked 
| 373|0x0000000097500000, 0x0000000097500000, 0x0000000097600000|  0%| F|  |TAMS 0x0000000097500000| PB 0x0000000097500000| Untracked 
| 374|0x0000000097600000, 0x0000000097600000, 0x0000000097700000|  0%| F|  |TAMS 0x0000000097600000| PB 0x0000000097600000| Untracked 
| 375|0x0000000097700000, 0x0000000097700000, 0x0000000097800000|  0%| F|  |TAMS 0x0000000097700000| PB 0x0000000097700000| Untracked 
| 376|0x0000000097800000, 0x0000000097800000, 0x0000000097900000|  0%| F|  |TAMS 0x0000000097800000| PB 0x0000000097800000| Untracked 
| 377|0x0000000097900000, 0x0000000097900000, 0x0000000097a00000|  0%| F|  |TAMS 0x0000000097900000| PB 0x0000000097900000| Untracked 
| 378|0x0000000097a00000, 0x0000000097a00000, 0x0000000097b00000|  0%| F|  |TAMS 0x0000000097a00000| PB 0x0000000097a00000| Untracked 
| 379|0x0000000097b00000, 0x0000000097b00000, 0x0000000097c00000|  0%| F|  |TAMS 0x0000000097b00000| PB 0x0000000097b00000| Untracked 
| 380|0x0000000097c00000, 0x0000000097c00000, 0x0000000097d00000|  0%| F|  |TAMS 0x0000000097c00000| PB 0x0000000097c00000| Untracked 
| 381|0x0000000097d00000, 0x0000000097d00000, 0x0000000097e00000|  0%| F|  |TAMS 0x0000000097d00000| PB 0x0000000097d00000| Untracked 
| 382|0x0000000097e00000, 0x0000000097e00000, 0x0000000097f00000|  0%| F|  |TAMS 0x0000000097e00000| PB 0x0000000097e00000| Untracked 
| 383|0x0000000097f00000, 0x0000000097f00000, 0x0000000098000000|  0%| F|  |TAMS 0x0000000097f00000| PB 0x0000000097f00000| Untracked 
| 384|0x0000000098000000, 0x0000000098000000, 0x0000000098100000|  0%| F|  |TAMS 0x0000000098000000| PB 0x0000000098000000| Untracked 
| 385|0x0000000098100000, 0x0000000098100000, 0x0000000098200000|  0%| F|  |TAMS 0x0000000098100000| PB 0x0000000098100000| Untracked 
| 386|0x0000000098200000, 0x0000000098200000, 0x0000000098300000|  0%| F|  |TAMS 0x0000000098200000| PB 0x0000000098200000| Untracked 
| 387|0x0000000098300000, 0x0000000098300000, 0x0000000098400000|  0%| F|  |TAMS 0x0000000098300000| PB 0x0000000098300000| Untracked 
| 388|0x0000000098400000, 0x0000000098400000, 0x0000000098500000|  0%| F|  |TAMS 0x0000000098400000| PB 0x0000000098400000| Untracked 
| 389|0x0000000098500000, 0x0000000098500000, 0x0000000098600000|  0%| F|  |TAMS 0x0000000098500000| PB 0x0000000098500000| Untracked 
| 390|0x0000000098600000, 0x0000000098600000, 0x0000000098700000|  0%| F|  |TAMS 0x0000000098600000| PB 0x0000000098600000| Untracked 
| 391|0x0000000098700000, 0x0000000098700000, 0x0000000098800000|  0%| F|  |TAMS 0x0000000098700000| PB 0x0000000098700000| Untracked 
| 392|0x0000000098800000, 0x0000000098800000, 0x0000000098900000|  0%| F|  |TAMS 0x0000000098800000| PB 0x0000000098800000| Untracked 
| 393|0x0000000098900000, 0x0000000098900000, 0x0000000098a00000|  0%| F|  |TAMS 0x0000000098900000| PB 0x0000000098900000| Untracked 
| 394|0x0000000098a00000, 0x0000000098a00000, 0x0000000098b00000|  0%| F|  |TAMS 0x0000000098a00000| PB 0x0000000098a00000| Untracked 
| 395|0x0000000098b00000, 0x0000000098b00000, 0x0000000098c00000|  0%| F|  |TAMS 0x0000000098b00000| PB 0x0000000098b00000| Untracked 
| 396|0x0000000098c00000, 0x0000000098c00000, 0x0000000098d00000|  0%| F|  |TAMS 0x0000000098c00000| PB 0x0000000098c00000| Untracked 
| 397|0x0000000098d00000, 0x0000000098d00000, 0x0000000098e00000|  0%| F|  |TAMS 0x0000000098d00000| PB 0x0000000098d00000| Untracked 
| 398|0x0000000098e00000, 0x0000000098e00000, 0x0000000098f00000|  0%| F|  |TAMS 0x0000000098e00000| PB 0x0000000098e00000| Untracked 
| 399|0x0000000098f00000, 0x0000000098f00000, 0x0000000099000000|  0%| F|  |TAMS 0x0000000098f00000| PB 0x0000000098f00000| Untracked 
| 400|0x0000000099000000, 0x0000000099000000, 0x0000000099100000|  0%| F|  |TAMS 0x0000000099000000| PB 0x0000000099000000| Untracked 
| 401|0x0000000099100000, 0x0000000099100000, 0x0000000099200000|  0%| F|  |TAMS 0x0000000099100000| PB 0x0000000099100000| Untracked 
| 402|0x0000000099200000, 0x0000000099200000, 0x0000000099300000|  0%| F|  |TAMS 0x0000000099200000| PB 0x0000000099200000| Untracked 
| 403|0x0000000099300000, 0x0000000099300000, 0x0000000099400000|  0%| F|  |TAMS 0x0000000099300000| PB 0x0000000099300000| Untracked 
| 404|0x0000000099400000, 0x0000000099400000, 0x0000000099500000|  0%| F|  |TAMS 0x0000000099400000| PB 0x0000000099400000| Untracked 
| 405|0x0000000099500000, 0x0000000099500000, 0x0000000099600000|  0%| F|  |TAMS 0x0000000099500000| PB 0x0000000099500000| Untracked 
| 406|0x0000000099600000, 0x0000000099600000, 0x0000000099700000|  0%| F|  |TAMS 0x0000000099600000| PB 0x0000000099600000| Untracked 
| 407|0x0000000099700000, 0x0000000099700000, 0x0000000099800000|  0%| F|  |TAMS 0x0000000099700000| PB 0x0000000099700000| Untracked 
| 408|0x0000000099800000, 0x0000000099800000, 0x0000000099900000|  0%| F|  |TAMS 0x0000000099800000| PB 0x0000000099800000| Untracked 
| 409|0x0000000099900000, 0x0000000099900000, 0x0000000099a00000|  0%| F|  |TAMS 0x0000000099900000| PB 0x0000000099900000| Untracked 
| 410|0x0000000099a00000, 0x0000000099a00000, 0x0000000099b00000|  0%| F|  |TAMS 0x0000000099a00000| PB 0x0000000099a00000| Untracked 
| 411|0x0000000099b00000, 0x0000000099b00000, 0x0000000099c00000|  0%| F|  |TAMS 0x0000000099b00000| PB 0x0000000099b00000| Untracked 
| 412|0x0000000099c00000, 0x0000000099c00000, 0x0000000099d00000|  0%| F|  |TAMS 0x0000000099c00000| PB 0x0000000099c00000| Untracked 
| 413|0x0000000099d00000, 0x0000000099d00000, 0x0000000099e00000|  0%| F|  |TAMS 0x0000000099d00000| PB 0x0000000099d00000| Untracked 
| 414|0x0000000099e00000, 0x0000000099e00000, 0x0000000099f00000|  0%| F|  |TAMS 0x0000000099e00000| PB 0x0000000099e00000| Untracked 
| 415|0x0000000099f00000, 0x0000000099f00000, 0x000000009a000000|  0%| F|  |TAMS 0x0000000099f00000| PB 0x0000000099f00000| Untracked 
| 416|0x000000009a000000, 0x000000009a000000, 0x000000009a100000|  0%| F|  |TAMS 0x000000009a000000| PB 0x000000009a000000| Untracked 
| 417|0x000000009a100000, 0x000000009a100000, 0x000000009a200000|  0%| F|  |TAMS 0x000000009a100000| PB 0x000000009a100000| Untracked 
| 418|0x000000009a200000, 0x000000009a200000, 0x000000009a300000|  0%| F|  |TAMS 0x000000009a200000| PB 0x000000009a200000| Untracked 
| 419|0x000000009a300000, 0x000000009a300000, 0x000000009a400000|  0%| F|  |TAMS 0x000000009a300000| PB 0x000000009a300000| Untracked 
| 420|0x000000009a400000, 0x000000009a400000, 0x000000009a500000|  0%| F|  |TAMS 0x000000009a400000| PB 0x000000009a400000| Untracked 
| 421|0x000000009a500000, 0x000000009a500000, 0x000000009a600000|  0%| F|  |TAMS 0x000000009a500000| PB 0x000000009a500000| Untracked 
| 422|0x000000009a600000, 0x000000009a600000, 0x000000009a700000|  0%| F|  |TAMS 0x000000009a600000| PB 0x000000009a600000| Untracked 
| 423|0x000000009a700000, 0x000000009a700000, 0x000000009a800000|  0%| F|  |TAMS 0x000000009a700000| PB 0x000000009a700000| Untracked 
| 424|0x000000009a800000, 0x000000009a800000, 0x000000009a900000|  0%| F|  |TAMS 0x000000009a800000| PB 0x000000009a800000| Untracked 
| 425|0x000000009a900000, 0x000000009a900000, 0x000000009aa00000|  0%| F|  |TAMS 0x000000009a900000| PB 0x000000009a900000| Untracked 
| 426|0x000000009aa00000, 0x000000009aa00000, 0x000000009ab00000|  0%| F|  |TAMS 0x000000009aa00000| PB 0x000000009aa00000| Untracked 
| 427|0x000000009ab00000, 0x000000009ab00000, 0x000000009ac00000|  0%| F|  |TAMS 0x000000009ab00000| PB 0x000000009ab00000| Untracked 
| 428|0x000000009ac00000, 0x000000009ac00000, 0x000000009ad00000|  0%| F|  |TAMS 0x000000009ac00000| PB 0x000000009ac00000| Untracked 
| 429|0x000000009ad00000, 0x000000009ad00000, 0x000000009ae00000|  0%| F|  |TAMS 0x000000009ad00000| PB 0x000000009ad00000| Untracked 
| 430|0x000000009ae00000, 0x000000009ae00000, 0x000000009af00000|  0%| F|  |TAMS 0x000000009ae00000| PB 0x000000009ae00000| Untracked 
| 431|0x000000009af00000, 0x000000009af00000, 0x000000009b000000|  0%| F|  |TAMS 0x000000009af00000| PB 0x000000009af00000| Untracked 
| 432|0x000000009b000000, 0x000000009b000000, 0x000000009b100000|  0%| F|  |TAMS 0x000000009b000000| PB 0x000000009b000000| Untracked 
| 433|0x000000009b100000, 0x000000009b100000, 0x000000009b200000|  0%| F|  |TAMS 0x000000009b100000| PB 0x000000009b100000| Untracked 
| 434|0x000000009b200000, 0x000000009b200000, 0x000000009b300000|  0%| F|  |TAMS 0x000000009b200000| PB 0x000000009b200000| Untracked 
| 435|0x000000009b300000, 0x000000009b300000, 0x000000009b400000|  0%| F|  |TAMS 0x000000009b300000| PB 0x000000009b300000| Untracked 
| 436|0x000000009b400000, 0x000000009b400000, 0x000000009b500000|  0%| F|  |TAMS 0x000000009b400000| PB 0x000000009b400000| Untracked 
| 437|0x000000009b500000, 0x000000009b500000, 0x000000009b600000|  0%| F|  |TAMS 0x000000009b500000| PB 0x000000009b500000| Untracked 
| 438|0x000000009b600000, 0x000000009b600000, 0x000000009b700000|  0%| F|  |TAMS 0x000000009b600000| PB 0x000000009b600000| Untracked 
| 439|0x000000009b700000, 0x000000009b700000, 0x000000009b800000|  0%| F|  |TAMS 0x000000009b700000| PB 0x000000009b700000| Untracked 
| 440|0x000000009b800000, 0x000000009b800000, 0x000000009b900000|  0%| F|  |TAMS 0x000000009b800000| PB 0x000000009b800000| Untracked 
| 441|0x000000009b900000, 0x000000009b900000, 0x000000009ba00000|  0%| F|  |TAMS 0x000000009b900000| PB 0x000000009b900000| Untracked 
| 442|0x000000009ba00000, 0x000000009ba00000, 0x000000009bb00000|  0%| F|  |TAMS 0x000000009ba00000| PB 0x000000009ba00000| Untracked 
| 443|0x000000009bb00000, 0x000000009bb00000, 0x000000009bc00000|  0%| F|  |TAMS 0x000000009bb00000| PB 0x000000009bb00000| Untracked 
| 444|0x000000009bc00000, 0x000000009bc00000, 0x000000009bd00000|  0%| F|  |TAMS 0x000000009bc00000| PB 0x000000009bc00000| Untracked 
| 445|0x000000009bd00000, 0x000000009bd00000, 0x000000009be00000|  0%| F|  |TAMS 0x000000009bd00000| PB 0x000000009bd00000| Untracked 
| 446|0x000000009be00000, 0x000000009be00000, 0x000000009bf00000|  0%| F|  |TAMS 0x000000009be00000| PB 0x000000009be00000| Untracked 
| 447|0x000000009bf00000, 0x000000009bf00000, 0x000000009c000000|  0%| F|  |TAMS 0x000000009bf00000| PB 0x000000009bf00000| Untracked 
| 448|0x000000009c000000, 0x000000009c000000, 0x000000009c100000|  0%| F|  |TAMS 0x000000009c000000| PB 0x000000009c000000| Untracked 
| 449|0x000000009c100000, 0x000000009c100000, 0x000000009c200000|  0%| F|  |TAMS 0x000000009c100000| PB 0x000000009c100000| Untracked 
| 450|0x000000009c200000, 0x000000009c200000, 0x000000009c300000|  0%| F|  |TAMS 0x000000009c200000| PB 0x000000009c200000| Untracked 
| 451|0x000000009c300000, 0x000000009c300000, 0x000000009c400000|  0%| F|  |TAMS 0x000000009c300000| PB 0x000000009c300000| Untracked 
| 452|0x000000009c400000, 0x000000009c400000, 0x000000009c500000|  0%| F|  |TAMS 0x000000009c400000| PB 0x000000009c400000| Untracked 
| 453|0x000000009c500000, 0x000000009c500000, 0x000000009c600000|  0%| F|  |TAMS 0x000000009c500000| PB 0x000000009c500000| Untracked 
| 454|0x000000009c600000, 0x000000009c600000, 0x000000009c700000|  0%| F|  |TAMS 0x000000009c600000| PB 0x000000009c600000| Untracked 
| 455|0x000000009c700000, 0x000000009c700000, 0x000000009c800000|  0%| F|  |TAMS 0x000000009c700000| PB 0x000000009c700000| Untracked 
| 456|0x000000009c800000, 0x000000009c800000, 0x000000009c900000|  0%| F|  |TAMS 0x000000009c800000| PB 0x000000009c800000| Untracked 
| 457|0x000000009c900000, 0x000000009c900000, 0x000000009ca00000|  0%| F|  |TAMS 0x000000009c900000| PB 0x000000009c900000| Untracked 
| 458|0x000000009ca00000, 0x000000009ca00000, 0x000000009cb00000|  0%| F|  |TAMS 0x000000009ca00000| PB 0x000000009ca00000| Untracked 
| 459|0x000000009cb00000, 0x000000009cb00000, 0x000000009cc00000|  0%| F|  |TAMS 0x000000009cb00000| PB 0x000000009cb00000| Untracked 
| 460|0x000000009cc00000, 0x000000009cc00000, 0x000000009cd00000|  0%| F|  |TAMS 0x000000009cc00000| PB 0x000000009cc00000| Untracked 
| 461|0x000000009cd00000, 0x000000009cd00000, 0x000000009ce00000|  0%| F|  |TAMS 0x000000009cd00000| PB 0x000000009cd00000| Untracked 
| 462|0x000000009ce00000, 0x000000009ce00000, 0x000000009cf00000|  0%| F|  |TAMS 0x000000009ce00000| PB 0x000000009ce00000| Untracked 
| 463|0x000000009cf00000, 0x000000009cf00000, 0x000000009d000000|  0%| F|  |TAMS 0x000000009cf00000| PB 0x000000009cf00000| Untracked 
| 464|0x000000009d000000, 0x000000009d000000, 0x000000009d100000|  0%| F|  |TAMS 0x000000009d000000| PB 0x000000009d000000| Untracked 
| 465|0x000000009d100000, 0x000000009d100000, 0x000000009d200000|  0%| F|  |TAMS 0x000000009d100000| PB 0x000000009d100000| Untracked 
| 466|0x000000009d200000, 0x000000009d200000, 0x000000009d300000|  0%| F|  |TAMS 0x000000009d200000| PB 0x000000009d200000| Untracked 
| 467|0x000000009d300000, 0x000000009d300000, 0x000000009d400000|  0%| F|  |TAMS 0x000000009d300000| PB 0x000000009d300000| Untracked 
| 468|0x000000009d400000, 0x000000009d400000, 0x000000009d500000|  0%| F|  |TAMS 0x000000009d400000| PB 0x000000009d400000| Untracked 
| 469|0x000000009d500000, 0x000000009d500000, 0x000000009d600000|  0%| F|  |TAMS 0x000000009d500000| PB 0x000000009d500000| Untracked 
| 470|0x000000009d600000, 0x000000009d600000, 0x000000009d700000|  0%| F|  |TAMS 0x000000009d600000| PB 0x000000009d600000| Untracked 
| 471|0x000000009d700000, 0x000000009d800000, 0x000000009d800000|100%| S|CS|TAMS 0x000000009d700000| PB 0x000000009d700000| Complete 
| 472|0x000000009d800000, 0x000000009d900000, 0x000000009d900000|100%| S|CS|TAMS 0x000000009d800000| PB 0x000000009d800000| Complete 
| 473|0x000000009d900000, 0x000000009d900000, 0x000000009da00000|  0%| F|  |TAMS 0x000000009d900000| PB 0x000000009d900000| Untracked 
| 474|0x000000009da00000, 0x000000009da00000, 0x000000009db00000|  0%| F|  |TAMS 0x000000009da00000| PB 0x000000009da00000| Untracked 
| 475|0x000000009db00000, 0x000000009db00000, 0x000000009dc00000|  0%| F|  |TAMS 0x000000009db00000| PB 0x000000009db00000| Untracked 
| 476|0x000000009dc00000, 0x000000009dc00000, 0x000000009dd00000|  0%| F|  |TAMS 0x000000009dc00000| PB 0x000000009dc00000| Untracked 
| 477|0x000000009dd00000, 0x000000009dd00000, 0x000000009de00000|  0%| F|  |TAMS 0x000000009dd00000| PB 0x000000009dd00000| Untracked 
|1980|0x00000000fbc00000, 0x00000000fbd00000, 0x00000000fbd00000|100%| O|  |TAMS 0x00000000fbc00000| PB 0x00000000fbc00000| Untracked 
|1981|0x00000000fbd00000, 0x00000000fbe00000, 0x00000000fbe00000|100%| O|  |TAMS 0x00000000fbd00000| PB 0x00000000fbd00000| Untracked 
|1982|0x00000000fbe00000, 0x00000000fbf00000, 0x00000000fbf00000|100%| O|  |TAMS 0x00000000fbe00000| PB 0x00000000fbe00000| Untracked 
|1983|0x00000000fbf00000, 0x00000000fc000000, 0x00000000fc000000|100%| O|  |TAMS 0x00000000fbf00000| PB 0x00000000fbf00000| Untracked 
|1984|0x00000000fc000000, 0x00000000fc100000, 0x00000000fc100000|100%| O|  |TAMS 0x00000000fc000000| PB 0x00000000fc000000| Untracked 
|1985|0x00000000fc100000, 0x00000000fc200000, 0x00000000fc200000|100%| O|  |TAMS 0x00000000fc100000| PB 0x00000000fc100000| Untracked 
|1986|0x00000000fc200000, 0x00000000fc300000, 0x00000000fc300000|100%| O|  |TAMS 0x00000000fc200000| PB 0x00000000fc200000| Untracked 
|1987|0x00000000fc300000, 0x00000000fc400000, 0x00000000fc400000|100%| O|  |TAMS 0x00000000fc300000| PB 0x00000000fc300000| Untracked 
|1988|0x00000000fc400000, 0x00000000fc500000, 0x00000000fc500000|100%| O|  |TAMS 0x00000000fc400000| PB 0x00000000fc400000| Untracked 
|1989|0x00000000fc500000, 0x00000000fc600000, 0x00000000fc600000|100%| O|  |TAMS 0x00000000fc500000| PB 0x00000000fc500000| Untracked 
|1990|0x00000000fc600000, 0x00000000fc700000, 0x00000000fc700000|100%| O|  |TAMS 0x00000000fc600000| PB 0x00000000fc600000| Untracked 
|1991|0x00000000fc700000, 0x00000000fc800000, 0x00000000fc800000|100%| O|  |TAMS 0x00000000fc700000| PB 0x00000000fc700000| Untracked 
|1992|0x00000000fc800000, 0x00000000fc900000, 0x00000000fc900000|100%| O|  |TAMS 0x00000000fc800000| PB 0x00000000fc800000| Untracked 
|1993|0x00000000fc900000, 0x00000000fca00000, 0x00000000fca00000|100%| O|  |TAMS 0x00000000fc900000| PB 0x00000000fc900000| Untracked 
|1994|0x00000000fca00000, 0x00000000fcb00000, 0x00000000fcb00000|100%| O|  |TAMS 0x00000000fca00000| PB 0x00000000fca00000| Untracked 
|1995|0x00000000fcb00000, 0x00000000fcc00000, 0x00000000fcc00000|100%| O|  |TAMS 0x00000000fcb00000| PB 0x00000000fcb00000| Untracked 
|1996|0x00000000fcc00000, 0x00000000fcd00000, 0x00000000fcd00000|100%| O|  |TAMS 0x00000000fcc00000| PB 0x00000000fcc00000| Untracked 
|1997|0x00000000fcd00000, 0x00000000fce00000, 0x00000000fce00000|100%| O|  |TAMS 0x00000000fcd00000| PB 0x00000000fcd00000| Untracked 
|1998|0x00000000fce00000, 0x00000000fcf00000, 0x00000000fcf00000|100%| O|  |TAMS 0x00000000fce00000| PB 0x00000000fce00000| Untracked 
|1999|0x00000000fcf00000, 0x00000000fd000000, 0x00000000fd000000|100%| O|  |TAMS 0x00000000fcf00000| PB 0x00000000fcf00000| Untracked 
|2000|0x00000000fd000000, 0x00000000fd100000, 0x00000000fd100000|100%| O|  |TAMS 0x00000000fd000000| PB 0x00000000fd000000| Untracked 
|2001|0x00000000fd100000, 0x00000000fd200000, 0x00000000fd200000|100%| O|  |TAMS 0x00000000fd100000| PB 0x00000000fd100000| Untracked 
|2002|0x00000000fd200000, 0x00000000fd300000, 0x00000000fd300000|100%| O|  |TAMS 0x00000000fd200000| PB 0x00000000fd200000| Untracked 
|2003|0x00000000fd300000, 0x00000000fd400000, 0x00000000fd400000|100%| O|  |TAMS 0x00000000fd300000| PB 0x00000000fd300000| Untracked 
|2004|0x00000000fd400000, 0x00000000fd500000, 0x00000000fd500000|100%| O|  |TAMS 0x00000000fd400000| PB 0x00000000fd400000| Untracked 
|2005|0x00000000fd500000, 0x00000000fd600000, 0x00000000fd600000|100%| O|  |TAMS 0x00000000fd500000| PB 0x00000000fd500000| Untracked 
|2006|0x00000000fd600000, 0x00000000fd700000, 0x00000000fd700000|100%| O|  |TAMS 0x00000000fd600000| PB 0x00000000fd600000| Untracked 
|2007|0x00000000fd700000, 0x00000000fd800000, 0x00000000fd800000|100%| O|  |TAMS 0x00000000fd700000| PB 0x00000000fd700000| Untracked 
|2008|0x00000000fd800000, 0x00000000fd900000, 0x00000000fd900000|100%| O|  |TAMS 0x00000000fd800000| PB 0x00000000fd800000| Untracked 
|2009|0x00000000fd900000, 0x00000000fda00000, 0x00000000fda00000|100%| O|  |TAMS 0x00000000fd900000| PB 0x00000000fd900000| Untracked 
|2010|0x00000000fda00000, 0x00000000fdb00000, 0x00000000fdb00000|100%| O|  |TAMS 0x00000000fda00000| PB 0x00000000fda00000| Untracked 
|2011|0x00000000fdb00000, 0x00000000fdc00000, 0x00000000fdc00000|100%| O|  |TAMS 0x00000000fdb00000| PB 0x00000000fdb00000| Untracked 
|2012|0x00000000fdc00000, 0x00000000fdd00000, 0x00000000fdd00000|100%| O|  |TAMS 0x00000000fdc00000| PB 0x00000000fdc00000| Untracked 
|2013|0x00000000fdd00000, 0x00000000fde00000, 0x00000000fde00000|100%| O|  |TAMS 0x00000000fdd00000| PB 0x00000000fdd00000| Untracked 
|2014|0x00000000fde00000, 0x00000000fdf00000, 0x00000000fdf00000|100%| O|  |TAMS 0x00000000fde00000| PB 0x00000000fde00000| Untracked 
|2015|0x00000000fdf00000, 0x00000000fe000000, 0x00000000fe000000|100%| O|  |TAMS 0x00000000fdf00000| PB 0x00000000fdf00000| Untracked 
|2016|0x00000000fe000000, 0x00000000fe100000, 0x00000000fe100000|100%| O|  |TAMS 0x00000000fe000000| PB 0x00000000fe000000| Untracked 
|2017|0x00000000fe100000, 0x00000000fe200000, 0x00000000fe200000|100%| O|  |TAMS 0x00000000fe100000| PB 0x00000000fe100000| Untracked 
|2018|0x00000000fe200000, 0x00000000fe300000, 0x00000000fe300000|100%| O|  |TAMS 0x00000000fe200000| PB 0x00000000fe200000| Untracked 
|2019|0x00000000fe300000, 0x00000000fe400000, 0x00000000fe400000|100%| O|  |TAMS 0x00000000fe300000| PB 0x00000000fe300000| Untracked 
|2020|0x00000000fe400000, 0x00000000fe500000, 0x00000000fe500000|100%| O|  |TAMS 0x00000000fe400000| PB 0x00000000fe400000| Untracked 
|2021|0x00000000fe500000, 0x00000000fe600000, 0x00000000fe600000|100%| O|  |TAMS 0x00000000fe500000| PB 0x00000000fe500000| Untracked 
|2022|0x00000000fe600000, 0x00000000fe700000, 0x00000000fe700000|100%| O|  |TAMS 0x00000000fe600000| PB 0x00000000fe600000| Untracked 
|2023|0x00000000fe700000, 0x00000000fe800000, 0x00000000fe800000|100%| O|  |TAMS 0x00000000fe700000| PB 0x00000000fe700000| Untracked 
|2024|0x00000000fe800000, 0x00000000fe800000, 0x00000000fe900000|  0%| F|  |TAMS 0x00000000fe800000| PB 0x00000000fe800000| Untracked 
|2025|0x00000000fe900000, 0x00000000fe900000, 0x00000000fea00000|  0%| F|  |TAMS 0x00000000fe900000| PB 0x00000000fe900000| Untracked 
|2026|0x00000000fea00000, 0x00000000feb00000, 0x00000000feb00000|100%| O|  |TAMS 0x00000000fea00000| PB 0x00000000fea00000| Untracked 
|2027|0x00000000feb00000, 0x00000000fec00000, 0x00000000fec00000|100%| O|  |TAMS 0x00000000feb00000| PB 0x00000000feb00000| Untracked 
|2028|0x00000000fec00000, 0x00000000fed00000, 0x00000000fed00000|100%| O|  |TAMS 0x00000000fec00000| PB 0x00000000fec00000| Untracked 
|2029|0x00000000fed00000, 0x00000000fee00000, 0x00000000fee00000|100%| O|  |TAMS 0x00000000fed00000| PB 0x00000000fed00000| Untracked 
|2030|0x00000000fee00000, 0x00000000fef00000, 0x00000000fef00000|100%| O|  |TAMS 0x00000000fee00000| PB 0x00000000fee00000| Untracked 
|2031|0x00000000fef00000, 0x00000000ff000000, 0x00000000ff000000|100%| O|  |TAMS 0x00000000fef00000| PB 0x00000000fef00000| Untracked 
|2032|0x00000000ff000000, 0x00000000ff100000, 0x00000000ff100000|100%| O|  |TAMS 0x00000000ff000000| PB 0x00000000ff000000| Untracked 
|2033|0x00000000ff100000, 0x00000000ff200000, 0x00000000ff200000|100%| O|  |TAMS 0x00000000ff100000| PB 0x00000000ff100000| Untracked 
|2034|0x00000000ff200000, 0x00000000ff300000, 0x00000000ff300000|100%| O|  |TAMS 0x00000000ff200000| PB 0x00000000ff200000| Untracked 
|2035|0x00000000ff300000, 0x00000000ff400000, 0x00000000ff400000|100%| O|  |TAMS 0x00000000ff300000| PB 0x00000000ff300000| Untracked 
|2036|0x00000000ff400000, 0x00000000ff500000, 0x00000000ff500000|100%| O|  |TAMS 0x00000000ff400000| PB 0x00000000ff400000| Untracked 
|2037|0x00000000ff500000, 0x00000000ff600000, 0x00000000ff600000|100%| O|  |TAMS 0x00000000ff500000| PB 0x00000000ff500000| Untracked 
|2038|0x00000000ff600000, 0x00000000ff700000, 0x00000000ff700000|100%| O|  |TAMS 0x00000000ff600000| PB 0x00000000ff600000| Untracked 
|2039|0x00000000ff700000, 0x00000000ff800000, 0x00000000ff800000|100%| O|  |TAMS 0x00000000ff700000| PB 0x00000000ff700000| Untracked 
|2040|0x00000000ff800000, 0x00000000ff900000, 0x00000000ff900000|100%| O|  |TAMS 0x00000000ff800000| PB 0x00000000ff800000| Untracked 
|2041|0x00000000ff900000, 0x00000000ffa00000, 0x00000000ffa00000|100%| O|  |TAMS 0x00000000ff900000| PB 0x00000000ff900000| Untracked 
|2042|0x00000000ffa00000, 0x00000000ffb00000, 0x00000000ffb00000|100%| O|  |TAMS 0x00000000ffa00000| PB 0x00000000ffa00000| Untracked 
|2043|0x00000000ffb00000, 0x00000000ffc00000, 0x00000000ffc00000|100%| O|  |TAMS 0x00000000ffb00000| PB 0x00000000ffb00000| Untracked 
|2044|0x00000000ffc00000, 0x00000000ffd00000, 0x00000000ffd00000|100%| O|  |TAMS 0x00000000ffc00000| PB 0x00000000ffc00000| Untracked 
|2045|0x00000000ffd00000, 0x00000000ffe00000, 0x00000000ffe00000|100%| O|  |TAMS 0x00000000ffd00000| PB 0x00000000ffd00000| Untracked 
|2046|0x00000000ffe00000, 0x00000000fff00000, 0x00000000fff00000|100%| O|  |TAMS 0x00000000ffe00000| PB 0x00000000ffe00000| Untracked 
|2047|0x00000000fff00000, 0x0000000100000000, 0x0000000100000000|100%| O|  |TAMS 0x00000000fff00000| PB 0x00000000fff00000| Untracked 

Card table byte_map: [0x0000025af9340000,0x0000025af9740000] _byte_map_base: 0x0000025af8f40000

Marking Bits: (CMBitMap*) 0x0000025af087cd90
 Bits: [0x0000025af9740000, 0x0000025afb740000)

Polling page: 0x0000025aee5c0000

Metaspace:

Usage:
  Non-class:     87.74 MB used.
      Class:     12.60 MB used.
       Both:    100.35 MB used.

Virtual space:
  Non-class space:      128.00 MB reserved,      88.94 MB ( 69%) committed,  2 nodes.
      Class space:        1.00 GB reserved,      13.75 MB (  1%) committed,  1 nodes.
             Both:        1.12 GB reserved,     102.69 MB (  9%) committed. 

Chunk freelists:
   Non-Class:  6.81 MB
       Class:  2.27 MB
        Both:  9.08 MB

MaxMetaspaceSize: unlimited
CompressedClassSpaceSize: 1.00 GB
Initial GC threshold: 21.00 MB
Current GC threshold: 171.19 MB
CDS: on
 - commit_granule_bytes: 65536.
 - commit_granule_words: 8192.
 - virtual_space_node_default_size: 8388608.
 - enlarge_chunks_in_place: 1.
 - use_allocation_guard: 0.


Internal statistics:

num_allocs_failed_limit: 6.
num_arena_births: 4202.
num_arena_deaths: 4.
num_vsnodes_births: 3.
num_vsnodes_deaths: 0.
num_space_committed: 1643.
num_space_uncommitted: 0.
num_chunks_returned_to_freelist: 12.
num_chunks_taken_from_freelist: 8781.
num_chunk_merges: 3.
num_chunk_splits: 5728.
num_chunks_enlarged: 3617.
num_inconsistent_stats: 0.

CodeHeap 'non-profiled nmethods': size=120000Kb used=19298Kb max_used=19298Kb free=100701Kb
 bounds [0x0000025a87ad0000, 0x0000025a88db0000, 0x0000025a8f000000]
CodeHeap 'profiled nmethods': size=120000Kb used=30648Kb max_used=33852Kb free=89351Kb
 bounds [0x0000025a80000000, 0x0000025a82170000, 0x0000025a87530000]
CodeHeap 'non-nmethods': size=5760Kb used=2782Kb max_used=2849Kb free=2977Kb
 bounds [0x0000025a87530000, 0x0000025a87810000, 0x0000025a87ad0000]
CodeCache: size=245760Kb, used=52728Kb, max_used=55999Kb, free=193029Kb
 total_blobs=16257, nmethods=15221, adapters=938, full_count=0
Compilation: enabled, stopped_count=0, restarted_count=0

Compilation events (20 events):
Event: 589.798 Thread 0x0000025afdbdb400 26389       4       jdk.nio.zipfs.ByteArrayChannel::endRead (15 bytes)
Event: 589.802 Thread 0x0000025afdbdb400 nmethod 26389 0x0000025a88d90390 code [0x0000025a88d90540, 0x0000025a88d907a0]
Event: 589.877 Thread 0x0000025afdbdb400 26390   !   4       jdk.nio.zipfs.ByteArrayChannel::close (47 bytes)
Event: 589.892 Thread 0x0000025afdbdb400 nmethod 26390 0x0000025a88d90990 code [0x0000025a88d90b80, 0x0000025a88d910a0]
Event: 590.822 Thread 0x0000025afdbdb400 26391       4       org.objectweb.asm.ClassReader::readMethod (1070 bytes)
Event: 591.216 Thread 0x0000025afdbdb400 nmethod 26391 0x0000025a88d91490 code [0x0000025a88d91a40, 0x0000025a88d960b8]
Event: 593.060 Thread 0x0000025afdbdb400 26392   !   4       jdk.nio.zipfs.ByteArrayChannel::read (85 bytes)
Event: 593.088 Thread 0x0000025afdbdb400 nmethod 26392 0x0000025a88d99090 code [0x0000025a88d992e0, 0x0000025a88d99d20]
Event: 594.416 Thread 0x0000025afdbdb400 26393   !   4       net.fabricmc.tinyremapper.TinyRemapper::analyzeMrjVersion (186 bytes)
Event: 594.467 Thread 0x0000025afdbdb400 nmethod 26393 0x0000025a88d9a590 code [0x0000025a88d9a860, 0x0000025a88d9b8f0]
Event: 596.878 Thread 0x0000025afdbdb400 26394       4       net.fabricmc.tinyremapper.TinyRemapper::access$400 (10 bytes)
Event: 597.215 Thread 0x0000025afdbdb400 nmethod 26394 0x0000025a88d9c290 code [0x0000025a88d9c780, 0x0000025a88d9ff40]
Event: 597.216 Thread 0x0000025afdbdb400 26395   !   4       net.fabricmc.tinyremapper.TinyRemapper::analyze (202 bytes)
Event: 597.435 Thread 0x0000025afdbdb400 nmethod 26395 0x0000025a88da2490 code [0x0000025a88da2980, 0x0000025a88da63a8]
Event: 609.265 Thread 0x0000025afdbf5da0 26396       3       org.gradle.internal.time.Time::startCountdownTimer (15 bytes)
Event: 609.565 Thread 0x0000025afdbf5da0 nmethod 26396 0x0000025a8179fa10 code [0x0000025a8179fc20, 0x0000025a817a01e0]
Event: 609.857 Thread 0x0000025afdbf5da0 26397       3       java.util.HashMap$HashMapSpliterator::estimateSize (11 bytes)
Event: 609.862 Thread 0x0000025afdbf5da0 nmethod 26397 0x0000025a801bea10 code [0x0000025a801bebc0, 0x0000025a801bed10]
Event: 618.667 Thread 0x0000025afdbf5da0 26398       3       org.gradle.internal.time.ExponentialBackoff::restartTimer (13 bytes)
Event: 618.667 Thread 0x0000025afdbf5da0 nmethod 26398 0x0000025a802e4710 code [0x0000025a802e48c0, 0x0000025a802e4a58]

GC Heap History (20 events):
Event: 478.767 GC heap after
{Heap after GC invocations=114 (full 0):
 garbage-first heap   total 562176K, used 255182K [0x0000000080000000, 0x0000000100000000)
  region size 1024K, 12 young (12288K), 12 survivors (12288K)
 Metaspace       used 99107K, committed 101376K, reserved 1179648K
  class space    used 12371K, committed 13440K, reserved 1048576K
}
Event: 489.404 GC heap before
{Heap before GC invocations=115 (full 0):
 garbage-first heap   total 562176K, used 532686K [0x0000000080000000, 0x0000000100000000)
  region size 1024K, 283 young (289792K), 12 survivors (12288K)
 Metaspace       used 99138K, committed 101376K, reserved 1179648K
  class space    used 12372K, committed 13440K, reserved 1048576K
}
Event: 489.442 GC heap after
{Heap after GC invocations=116 (full 0):
 garbage-first heap   total 562176K, used 245429K [0x0000000080000000, 0x0000000100000000)
  region size 1024K, 2 young (2048K), 2 survivors (2048K)
 Metaspace       used 99138K, committed 101376K, reserved 1179648K
  class space    used 12372K, committed 13440K, reserved 1048576K
}
Event: 495.802 GC heap before
{Heap before GC invocations=116 (full 0):
 garbage-first heap   total 562176K, used 533173K [0x0000000080000000, 0x0000000100000000)
  region size 1024K, 283 young (289792K), 2 survivors (2048K)
 Metaspace       used 99177K, committed 101504K, reserved 1179648K
  class space    used 12372K, committed 13440K, reserved 1048576K
}
Event: 495.848 GC heap after
{Heap after GC invocations=117 (full 0):
 garbage-first heap   total 562176K, used 247294K [0x0000000080000000, 0x0000000100000000)
  region size 1024K, 6 young (6144K), 6 survivors (6144K)
 Metaspace       used 99177K, committed 101504K, reserved 1179648K
  class space    used 12372K, committed 13440K, reserved 1048576K
}
Event: 522.929 GC heap before
{Heap before GC invocations=117 (full 0):
 garbage-first heap   total 562176K, used 531966K [0x0000000080000000, 0x0000000100000000)
  region size 1024K, 284 young (290816K), 6 survivors (6144K)
 Metaspace       used 99205K, committed 101504K, reserved 1179648K
  class space    used 12372K, committed 13440K, reserved 1048576K
}
Event: 523.105 GC heap after
{Heap after GC invocations=118 (full 0):
 garbage-first heap   total 562176K, used 243342K [0x0000000080000000, 0x0000000100000000)
  region size 1024K, 2 young (2048K), 2 survivors (2048K)
 Metaspace       used 99205K, committed 101504K, reserved 1179648K
  class space    used 12372K, committed 13440K, reserved 1048576K
}
Event: 547.229 GC heap before
{Heap before GC invocations=119 (full 0):
 garbage-first heap   total 562176K, used 532110K [0x0000000080000000, 0x0000000100000000)
  region size 1024K, 284 young (290816K), 2 survivors (2048K)
 Metaspace       used 99213K, committed 101504K, reserved 1179648K
  class space    used 12372K, committed 13440K, reserved 1048576K
}
Event: 547.387 GC heap after
{Heap after GC invocations=120 (full 0):
 garbage-first heap   total 562176K, used 242889K [0x0000000080000000, 0x0000000100000000)
  region size 1024K, 1 young (1024K), 1 survivors (1024K)
 Metaspace       used 99213K, committed 101504K, reserved 1179648K
  class space    used 12372K, committed 13440K, reserved 1048576K
}
Event: 550.366 GC heap before
{Heap before GC invocations=120 (full 0):
 garbage-first heap   total 562176K, used 252105K [0x0000000080000000, 0x0000000100000000)
  region size 1024K, 11 young (11264K), 1 survivors (1024K)
 Metaspace       used 99221K, committed 101504K, reserved 1179648K
  class space    used 12372K, committed 13440K, reserved 1048576K
}
Event: 553.678 GC heap after
{Heap after GC invocations=121 (full 1):
 garbage-first heap   total 562176K, used 232330K [0x0000000080000000, 0x0000000100000000)
  region size 1024K, 0 young (0K), 0 survivors (0K)
 Metaspace       used 99221K, committed 101504K, reserved 1179648K
  class space    used 12372K, committed 13440K, reserved 1048576K
}
Event: 582.524 GC heap before
{Heap before GC invocations=121 (full 1):
 garbage-first heap   total 562176K, used 314250K [0x0000000080000000, 0x0000000100000000)
  region size 1024K, 81 young (82944K), 0 survivors (0K)
 Metaspace       used 102717K, committed 105152K, reserved 1179648K
  class space    used 12899K, committed 14080K, reserved 1048576K
}
Event: 582.597 GC heap after
{Heap after GC invocations=122 (full 1):
 garbage-first heap   total 562176K, used 237879K [0x0000000080000000, 0x0000000100000000)
  region size 1024K, 6 young (6144K), 6 survivors (6144K)
 Metaspace       used 102717K, committed 105152K, reserved 1179648K
  class space    used 12899K, committed 14080K, reserved 1048576K
}
Event: 600.123 GC heap before
{Heap before GC invocations=123 (full 1):
 garbage-first heap   total 491520K, used 436640K [0x0000000080000000, 0x0000000100000000)
  region size 1024K, 288 young (294912K), 6 survivors (6144K)
 Metaspace       used 102753K, committed 105152K, reserved 1179648K
  class space    used 12904K, committed 14080K, reserved 1048576K
}
Event: 601.891 GC heap after
{Heap after GC invocations=124 (full 1):
 garbage-first heap   total 559104K, used 224243K [0x0000000080000000, 0x0000000100000000)
  region size 1024K, 36 young (36864K), 36 survivors (36864K)
 Metaspace       used 102753K, committed 105152K, reserved 1179648K
  class space    used 12904K, committed 14080K, reserved 1048576K
}
Event: 602.119 GC heap before
{Heap before GC invocations=124 (full 1):
 garbage-first heap   total 559104K, used 225267K [0x0000000080000000, 0x0000000100000000)
  region size 1024K, 37 young (37888K), 36 survivors (36864K)
 Metaspace       used 102753K, committed 105152K, reserved 1179648K
  class space    used 12904K, committed 14080K, reserved 1048576K
}
Event: 602.401 GC heap after
{Heap after GC invocations=125 (full 1):
 garbage-first heap   total 559104K, used 226291K [0x0000000080000000, 0x0000000100000000)
  region size 1024K, 2 young (2048K), 2 survivors (2048K)
 Metaspace       used 102753K, committed 105152K, reserved 1179648K
  class space    used 12904K, committed 14080K, reserved 1048576K
}
Event: 617.897 GC heap before
{Heap before GC invocations=125 (full 1):
 garbage-first heap   total 559104K, used 398323K [0x0000000080000000, 0x0000000100000000)
  region size 1024K, 171 young (175104K), 2 survivors (2048K)
 Metaspace       used 102753K, committed 105152K, reserved 1179648K
  class space    used 12904K, committed 14080K, reserved 1048576K
}
Event: 618.624 GC heap after
{Heap after GC invocations=126 (full 1):
 garbage-first heap   total 559104K, used 244723K [0x0000000080000000, 0x0000000100000000)
  region size 1024K, 20 young (20480K), 20 survivors (20480K)
 Metaspace       used 102753K, committed 105152K, reserved 1179648K
  class space    used 12904K, committed 14080K, reserved 1048576K
}
Event: 619.045 GC heap before
{Heap before GC invocations=126 (full 1):
 garbage-first heap   total 559104K, used 251891K [0x0000000080000000, 0x0000000100000000)
  region size 1024K, 27 young (27648K), 20 survivors (20480K)
 Metaspace       used 102754K, committed 105152K, reserved 1179648K
  class space    used 12904K, committed 14080K, reserved 1048576K
}

Dll operation events (15 events):
Event: 0.228 Loaded shared library C:\Program Files\Eclipse Adoptium\jdk-21.0.11.10-hotspot\bin\java.dll
Event: 1.317 Loaded shared library C:\Program Files\Eclipse Adoptium\jdk-21.0.11.10-hotspot\bin\jsvml.dll
Event: 1.559 Loaded shared library C:\Program Files\Eclipse Adoptium\jdk-21.0.11.10-hotspot\bin\zip.dll
Event: 1.571 Loaded shared library C:\Program Files\Eclipse Adoptium\jdk-21.0.11.10-hotspot\bin\instrument.dll
Event: 1.740 Loaded shared library C:\Program Files\Eclipse Adoptium\jdk-21.0.11.10-hotspot\bin\net.dll
Event: 1.755 Loaded shared library C:\Program Files\Eclipse Adoptium\jdk-21.0.11.10-hotspot\bin\nio.dll
Event: 1.762 Loaded shared library C:\Program Files\Eclipse Adoptium\jdk-21.0.11.10-hotspot\bin\zip.dll
Event: 7.468 Loaded shared library C:\Program Files\Eclipse Adoptium\jdk-21.0.11.10-hotspot\bin\jimage.dll
Event: 9.294 Loaded shared library C:\Program Files\Eclipse Adoptium\jdk-21.0.11.10-hotspot\bin\verify.dll
Event: 9.681 Loaded shared library C:\Users\IZZA\.gradle\native\1def1411415f61bf3af743bc5b6707747c0891f09f0c88961ee8f79bc544acac\windows-amd64\native-platform.dll
Event: 9.714 Loaded shared library C:\Users\IZZA\.gradle\native\0.2.7\x86_64-windows-gnu\gradle-fileevents.dll
Event: 15.636 Loaded shared library C:\Program Files\Eclipse Adoptium\jdk-21.0.11.10-hotspot\bin\management.dll
Event: 15.654 Loaded shared library C:\Program Files\Eclipse Adoptium\jdk-21.0.11.10-hotspot\bin\management_ext.dll
Event: 16.845 Loaded shared library C:\Program Files\Eclipse Adoptium\jdk-21.0.11.10-hotspot\bin\extnet.dll
Event: 18.615 Loaded shared library C:\Program Files\Eclipse Adoptium\jdk-21.0.11.10-hotspot\bin\sunmscapi.dll

Deoptimization events (20 events):
Event: 583.953 Thread 0x0000025afdf3fda0 DEOPT PACKING pc=0x0000025a88620bc0 sp=0x0000007d65df9f70
Event: 583.953 Thread 0x0000025afdf3fda0 DEOPT UNPACKING pc=0x0000025a87584422 sp=0x0000007d65df9f08 mode 2
Event: 583.964 Thread 0x0000025afdf3fda0 Uncommon trap: trap_request=0xffffffd6 fr.pc=0x0000025a88d75c8c relative=0x000000000000036c
Event: 583.964 Thread 0x0000025afdf3fda0 Uncommon trap: reason=array_check action=maybe_recompile pc=0x0000025a88d75c8c method=java.util.Arrays.fill([Ljava/lang/Object;Ljava/lang/Object;)V @ 13 c2
Event: 583.964 Thread 0x0000025afdf3fda0 DEOPT PACKING pc=0x0000025a88d75c8c sp=0x0000007d65df9f50
Event: 583.964 Thread 0x0000025afdf3fda0 DEOPT UNPACKING pc=0x0000025a87584422 sp=0x0000007d65df9f00 mode 2
Event: 583.965 Thread 0x0000025afdf3fda0 Uncommon trap: trap_request=0xffffffd6 fr.pc=0x0000025a88d75c8c relative=0x000000000000036c
Event: 583.965 Thread 0x0000025afdf3fda0 Uncommon trap: reason=array_check action=maybe_recompile pc=0x0000025a88d75c8c method=java.util.Arrays.fill([Ljava/lang/Object;Ljava/lang/Object;)V @ 13 c2
Event: 583.965 Thread 0x0000025afdf3fda0 DEOPT PACKING pc=0x0000025a88d75c8c sp=0x0000007d65df9f50
Event: 583.965 Thread 0x0000025afdf3fda0 DEOPT UNPACKING pc=0x0000025a87584422 sp=0x0000007d65df9f00 mode 2
Event: 583.965 Thread 0x0000025afdf3fda0 Uncommon trap: trap_request=0xffffffd6 fr.pc=0x0000025a88d75c8c relative=0x000000000000036c
Event: 583.965 Thread 0x0000025afdf3fda0 Uncommon trap: reason=array_check action=maybe_recompile pc=0x0000025a88d75c8c method=java.util.Arrays.fill([Ljava/lang/Object;Ljava/lang/Object;)V @ 13 c2
Event: 583.965 Thread 0x0000025afdf3fda0 DEOPT PACKING pc=0x0000025a88d75c8c sp=0x0000007d65df9f50
Event: 583.965 Thread 0x0000025afdf3fda0 DEOPT UNPACKING pc=0x0000025a87584422 sp=0x0000007d65df9f00 mode 2
Event: 583.965 Thread 0x0000025afdf3fda0 Uncommon trap: trap_request=0xffffffd6 fr.pc=0x0000025a88d75c8c relative=0x000000000000036c
Event: 583.965 Thread 0x0000025afdf3fda0 Uncommon trap: reason=array_check action=maybe_recompile pc=0x0000025a88d75c8c method=java.util.Arrays.fill([Ljava/lang/Object;Ljava/lang/Object;)V @ 13 c2
Event: 583.965 Thread 0x0000025afdf3fda0 DEOPT PACKING pc=0x0000025a88d75c8c sp=0x0000007d65df9f50
Event: 583.965 Thread 0x0000025afdf3fda0 DEOPT UNPACKING pc=0x0000025a87584422 sp=0x0000007d65df9f00 mode 2
Event: 588.578 Thread 0x0000025ad82b23a0 DEOPT PACKING pc=0x0000025a812039fa sp=0x0000007d697feaa0
Event: 588.579 Thread 0x0000025ad82b23a0 DEOPT UNPACKING pc=0x0000025a87584bc2 sp=0x0000007d697fe008 mode 0

Classes loaded (20 events):
Event: 561.798 Loading class java/util/TreeSetBeanInfo
Event: 561.798 Loading class java/util/TreeSetBeanInfo done
Event: 561.807 Loading class java/util/AbstractSetBeanInfo
Event: 561.871 Loading class java/util/AbstractSetBeanInfo done
Event: 561.877 Loading class java/util/AbstractSetBeanInfo
Event: 561.877 Loading class java/util/AbstractSetBeanInfo done
Event: 561.893 Loading class java/util/AbstractSetCustomizer
Event: 561.899 Loading class java/util/AbstractSetCustomizer done
Event: 561.900 Loading class java/util/AbstractSetCustomizer
Event: 561.900 Loading class java/util/AbstractSetCustomizer done
Event: 562.093 Loading class java/util/TreeSetCustomizer
Event: 562.093 Loading class java/util/TreeSetCustomizer done
Event: 562.094 Loading class java/util/TreeSetCustomizer
Event: 562.094 Loading class java/util/TreeSetCustomizer done
Event: 575.133 Loading class java/util/TreeMap$KeySpliterator
Event: 575.137 Loading class java/util/TreeMap$TreeMapSpliterator
Event: 575.139 Loading class java/util/TreeMap$TreeMapSpliterator done
Event: 575.139 Loading class java/util/TreeMap$KeySpliterator done
Event: 575.535 Loading class java/util/TreeMap$ValueSpliterator
Event: 575.539 Loading class java/util/TreeMap$ValueSpliterator done

Classes unloaded (5 events):
Event: 45.575 Thread 0x0000025afdbb9ec0 Unloading class 0x0000025a906ad000 '_BuildScript_$_run_closure1$_closure2$_closure3'
Event: 45.575 Thread 0x0000025afdbb9ec0 Unloading class 0x0000025a906ac928 '_BuildScript_$_run_closure1$_closure2'
Event: 45.575 Thread 0x0000025afdbb9ec0 Unloading class 0x0000025a906ac538 '_BuildScript_$_run_closure1'
Event: 45.575 Thread 0x0000025afdbb9ec0 Unloading class 0x0000025a906ac000 '_BuildScript_'
Event: 52.885 Thread 0x0000025afdbb9ec0 Unloading class 0x0000025a906ad000 '_BuildScript_'

Classes redefined (0 events):
No events

Internal exceptions (20 events):
Event: 568.648 Thread 0x0000025afdf3fda0 Exception <a 'java/lang/ClassNotFoundException'{0x000000009ec6aab8}: org/gradle/api/tasks/util/internal/DefaultPatternSetFactory$InternalPatternSetCustomizer> (0x000000009ec6aab8) 
thrown [s\src\hotspot\share\classfile\systemDictionary.cpp, line 313]
Event: 568.747 Thread 0x0000025afdf3fda0 Exception <a 'java/lang/IncompatibleClassChangeError'{0x000000009eb20760}: Found class java.lang.Object, but interface was expected> (0x000000009eb20760) 
thrown [s\src\hotspot\share\interpreter\linkResolver.cpp, line 840]
Event: 568.750 Thread 0x0000025afdf3fda0 Exception <a 'java/lang/IncompatibleClassChangeError'{0x000000009eb24920}: Found class java.lang.Object, but interface was expected> (0x000000009eb24920) 
thrown [s\src\hotspot\share\interpreter\linkResolver.cpp, line 840]
Event: 569.531 Thread 0x0000025afdf3fda0 Exception <a 'java/lang/IncompatibleClassChangeError'{0x000000009e403290}: Found class java.lang.Object, but interface was expected> (0x000000009e403290) 
thrown [s\src\hotspot\share\interpreter\linkResolver.cpp, line 840]
Event: 571.618 Thread 0x0000025afdf40430 Exception <a 'java/lang/NoSuchMethodError'{0x000000009db09ee8}: static Lorg/gradle/tooling/internal/provider/PhasedBuildActionResult;.<clinit>()V> (0x000000009db09ee8) 
thrown [s\src\hotspot\share\prims\jni.cpp, line 1111]
Event: 571.629 Thread 0x0000025afdf40430 Exception <a 'java/lang/NoSuchMethodError'{0x000000009db14050}: static Lorg/gradle/tooling/internal/provider/serialization/SerializedPayload;.<clinit>()V> (0x000000009db14050) 
thrown [s\src\hotspot\share\prims\jni.cpp, line 1111]
Event: 572.027 Thread 0x0000025afdf3fda0 Implicit null exception at 0x0000025a8805607b to 0x0000025a880560b4
Event: 572.028 Thread 0x0000025afdf3fda0 Implicit null exception at 0x0000025a88a860df to 0x0000025a88a86cc4
Event: 574.089 Thread 0x0000025ad82b4b00 Exception <a 'java/lang/NoSuchMethodError'{0x000000009d738b18}: 'java.lang.Object java.lang.invoke.DirectMethodHandle$Holder.newInvokeSpecial(java.lang.Object, java.lang.Object, int, java.lang.Object, java.lang.Object)'> (0x000000009d738b18) 
thrown [s\src\hotspot\share\interpreter\linkResolver.cpp, line 773]
Event: 574.966 Thread 0x0000025ad82b4b00 Exception <a 'java/lang/NoSuchMethodError'{0x000000009d34a8a8}: 'java.lang.Object java.lang.invoke.DirectMethodHandle$Holder.invokeVirtual(java.lang.Object, java.lang.Object, java.lang.Object, java.lang.Object, java.lang.Object, java.lang.Object, java.lang.Object, java.lang.Object, java.lang.Object, java.lang.Object, java.lang.Object, java.lang.Object, java.lang.Object, java.lang.Object, java.lang.Object, java.lang.Object, java.lang.Object, java.lang.Object, java.lang.Object)'> (0x000000009d34a8a8) 
thrown
Event: 575.307 Thread 0x0000025afdf40430 Exception <a 'java/lang/NoSuchMethodError'{0x000000009d288cd8}: static Lorg/gradle/internal/build/event/types/DefaultTaskStartedProgressEvent;.<clinit>()V> (0x000000009d288cd8) 
thrown [s\src\hotspot\share\prims\jni.cpp, line 1111]
Event: 575.321 Thread 0x0000025afdf40430 Exception <a 'java/lang/NoSuchMethodError'{0x000000009d2941c8}: static Lorg/gradle/internal/build/event/types/DefaultTaskDescriptor;.<clinit>()V> (0x000000009d2941c8) 
thrown [s\src\hotspot\share\prims\jni.cpp, line 1111]
Event: 575.411 Thread 0x0000025afdf40430 Exception <a 'java/lang/NoSuchMethodError'{0x000000009d2b91d8}: static Lorg/gradle/internal/build/event/types/DefaultTaskFinishedProgressEvent;.<clinit>()V> (0x000000009d2b91d8) 
thrown [s\src\hotspot\share\prims\jni.cpp, line 1111]
Event: 575.459 Thread 0x0000025afdf40430 Exception <a 'java/lang/NoSuchMethodError'{0x000000009d2cf668}: static Lorg/gradle/internal/build/event/types/DefaultTaskSuccessResult;.<clinit>()V> (0x000000009d2cf668) 
thrown [s\src\hotspot\share\prims\jni.cpp, line 1111]
Event: 575.459 Thread 0x0000025afdf40430 Exception <a 'java/lang/NoSuchMethodError'{0x000000009d2d0e58}: static Lorg/gradle/internal/build/event/types/AbstractTaskResult;.<clinit>()V> (0x000000009d2d0e58) 
thrown [s\src\hotspot\share\prims\jni.cpp, line 1111]
Event: 575.551 Thread 0x0000025afdf3fda0 Exception <a 'java/lang/NoSuchMethodError'{0x000000009d8d8d18}: 'java.lang.Object java.lang.invoke.DirectMethodHandle$Holder.invokeStatic(java.lang.Object, int, java.lang.Object)'> (0x000000009d8d8d18) 
thrown [s\src\hotspot\share\interpreter\linkResolver.cpp, line 773]
Event: 578.145 Thread 0x0000025afdf3fda0 Exception <a 'java/lang/NoSuchMethodError'{0x000000009cccbea8}: 'long java.lang.invoke.DelegatingMethodHandle$Holder.reinvoke_L(java.lang.Object, java.lang.Object)'> (0x000000009cccbea8) 
thrown [s\src\hotspot\share\interpreter\linkResolver.cpp, line 773]
Event: 582.471 Thread 0x0000025afdf3fda0 Exception <a 'sun/nio/fs/WindowsException'{0x000000009be408e0}> (0x000000009be408e0) 
thrown [s\src\hotspot\share\prims\jni.cpp, line 520]
Event: 582.474 Thread 0x0000025afdf3fda0 Exception <a 'sun/nio/fs/WindowsException'{0x000000009be425f8}> (0x000000009be425f8) 
thrown [s\src\hotspot\share\prims\jni.cpp, line 520]
Event: 582.475 Thread 0x0000025afdf3fda0 Exception <a 'sun/nio/fs/WindowsException'{0x000000009be43938}> (0x000000009be43938) 
thrown [s\src\hotspot\share\prims\jni.cpp, line 520]

ZGC Phase Switch (0 events):
No events

VM Operations (20 events):
Event: 584.802 Executing safepoint VM operation: Cleanup done
Event: 585.815 Executing safepoint VM operation: Cleanup
Event: 585.831 Executing safepoint VM operation: Cleanup done
Event: 587.839 Executing safepoint VM operation: Cleanup
Event: 587.930 Executing safepoint VM operation: Cleanup done
Event: 588.933 Executing safepoint VM operation: Cleanup
Event: 588.948 Executing safepoint VM operation: Cleanup done
Event: 589.955 Executing safepoint VM operation: Cleanup
Event: 589.956 Executing safepoint VM operation: Cleanup done
Event: 600.117 Executing safepoint VM operation: G1CollectForAllocation (G1 Evacuation Pause)
Event: 601.896 Executing safepoint VM operation: G1CollectForAllocation (G1 Evacuation Pause) done
Event: 601.942 Executing non-safepoint VM operation: HandshakeAllThreads (HandshakeForDeflation)
Event: 602.001 Executing non-safepoint VM operation: HandshakeAllThreads (HandshakeForDeflation) done
Event: 602.003 Executing non-safepoint VM operation: RendezvousGCThreads
Event: 602.003 Executing non-safepoint VM operation: RendezvousGCThreads done
Event: 602.112 Executing safepoint VM operation: G1CollectForAllocation (G1 Evacuation Pause)
Event: 602.401 Executing safepoint VM operation: G1CollectForAllocation (G1 Evacuation Pause) done
Event: 617.868 Executing safepoint VM operation: G1CollectForAllocation (G1 Evacuation Pause)
Event: 618.635 Executing safepoint VM operation: G1CollectForAllocation (G1 Evacuation Pause) done
Event: 619.045 Executing safepoint VM operation: G1CollectForAllocation (G1 Evacuation Pause)

Memory protections (0 events):
No events

Nmethod flushes (20 events):
Event: 583.669 Thread 0x0000025afdbb9ec0 flushing  nmethod 0x0000025a817e3a90
Event: 583.669 Thread 0x0000025afdbb9ec0 flushing  nmethod 0x0000025a81aee410
Event: 583.669 Thread 0x0000025afdbb9ec0 flushing  nmethod 0x0000025a88990690
Event: 583.669 Thread 0x0000025afdbb9ec0 flushing  nmethod 0x0000025a88992010
Event: 583.669 Thread 0x0000025afdbb9ec0 flushing  nmethod 0x0000025a802e4710
Event: 583.669 Thread 0x0000025afdbb9ec0 flushing  nmethod 0x0000025a806a8f10
Event: 583.669 Thread 0x0000025afdbb9ec0 flushing  nmethod 0x0000025a80cabe10
Event: 583.669 Thread 0x0000025afdbb9ec0 flushing  nmethod 0x0000025a817b9d10
Event: 583.669 Thread 0x0000025afdbb9ec0 flushing  nmethod 0x0000025a81a28810
Event: 583.669 Thread 0x0000025afdbb9ec0 flushing  nmethod 0x0000025a820b6410
Event: 583.670 Thread 0x0000025afdbb9ec0 flushing  nmethod 0x0000025a88620890
Event: 583.670 Thread 0x0000025afdbb9ec0 flushing  nmethod 0x0000025a801bea10
Event: 583.670 Thread 0x0000025afdbb9ec0 flushing  nmethod 0x0000025a804a2c90
Event: 583.671 Thread 0x0000025afdbb9ec0 flushing  nmethod 0x0000025a80814c90
Event: 583.671 Thread 0x0000025afdbb9ec0 flushing  nmethod 0x0000025a80f4c610
Event: 583.671 Thread 0x0000025afdbb9ec0 flushing  nmethod 0x0000025a81814390
Event: 583.671 Thread 0x0000025afdbb9ec0 flushing  nmethod 0x0000025a81a10990
Event: 583.671 Thread 0x0000025afdbb9ec0 flushing  nmethod 0x0000025a81dca110
Event: 583.671 Thread 0x0000025afdbb9ec0 flushing  nmethod 0x0000025a81e5f390
Event: 583.671 Thread 0x0000025afdbb9ec0 flushing  nmethod 0x0000025a81f26590

Events (20 events):
Event: 568.448 Thread 0x0000025afdf3fda0 Thread added: 0x0000025ad6daaef0
Event: 568.449 Thread 0x0000025afdf3fda0 Thread added: 0x0000025ad6dab580
Event: 568.862 Thread 0x0000025afdf3fda0 Thread added: 0x0000025ad6da8100
Event: 568.863 Thread 0x0000025afdf3fda0 Thread added: 0x0000025ad64e5d30
Event: 568.864 Thread 0x0000025afdf3fda0 Thread added: 0x0000025ad64e63c0
Event: 569.127 Thread 0x0000025afdf3fda0 Thread added: 0x0000025ad7ee5210
Event: 569.127 Thread 0x0000025afdf3fda0 Thread added: 0x0000025ad7ee3140
Event: 569.128 Thread 0x0000025afdf3fda0 Thread added: 0x0000025ad7ee58a0
Event: 569.738 Thread 0x0000025ad90ae910 Thread exited: 0x0000025ad90ae910
Event: 569.751 Thread 0x0000025afdf3fda0 Thread added: 0x0000025ad7ee37d0
Event: 569.752 Thread 0x0000025afdf3fda0 Thread added: 0x0000025ad7ee44f0
Event: 569.753 Thread 0x0000025afdf3fda0 Thread added: 0x0000025ad7ee2420
Event: 574.040 Thread 0x0000025afdf3fda0 Thread added: 0x0000025ad82b4b00
Event: 574.107 Thread 0x0000025ad82b4b00 Thread added: 0x0000025ad6705530
Event: 574.107 Thread 0x0000025ad82b4b00 Thread added: 0x0000025ad6706f70
Event: 574.108 Thread 0x0000025ad82b4b00 Thread added: 0x0000025ad6705bc0
Event: 574.408 Thread 0x0000025ad82b4b00 Thread added: 0x0000025ae79214d0
Event: 583.797 Thread 0x0000025afdbf5da0 Thread added: 0x0000025ad90ae910
Event: 585.395 Thread 0x0000025ad90ae910 Thread exited: 0x0000025ad90ae910
Event: 588.011 Thread 0x0000025afdf3fda0 Thread added: 0x0000025ad82b23a0


Dynamic libraries:
0x00007ff631960000 - 0x00007ff63196e000 	C:\Program Files\Eclipse Adoptium\jdk-21.0.11.10-hotspot\bin\java.exe
0x00007ffbe4e80000 - 0x00007ffbe50e6000 	C:\Windows\SYSTEM32\ntdll.dll
0x00007ffbe3890000 - 0x00007ffbe3959000 	C:\Windows\System32\KERNEL32.DLL
0x00007ffbe2590000 - 0x00007ffbe298e000 	C:\Windows\System32\KERNELBASE.dll
0x00007ffbe20a0000 - 0x00007ffbe21ec000 	C:\Windows\System32\ucrtbase.dll
0x00007ffbbac00000 - 0x00007ffbbac1e000 	C:\Program Files\Eclipse Adoptium\jdk-21.0.11.10-hotspot\bin\VCRUNTIME140.dll
0x00007ffbb6170000 - 0x00007ffbb6188000 	C:\Program Files\Eclipse Adoptium\jdk-21.0.11.10-hotspot\bin\jli.dll
0x00007ffbe4c70000 - 0x00007ffbe4e37000 	C:\Windows\System32\USER32.dll
0x00007ffbe2430000 - 0x00007ffbe2457000 	C:\Windows\System32\win32u.dll
0x00007ffbe2c20000 - 0x00007ffbe2c4b000 	C:\Windows\System32\GDI32.dll
0x00007ffbe2460000 - 0x00007ffbe258a000 	C:\Windows\System32\gdi32full.dll
0x00007ffbe2200000 - 0x00007ffbe22a3000 	C:\Windows\System32\msvcp_win.dll
0x00007ffbc84c0000 - 0x00007ffbc8752000 	C:\Windows\WinSxS\amd64_microsoft.windows.common-controls_6595b64144ccf1df_6.0.26100.8875_none_3e0d5d42e32fe9dd\COMCTL32.dll
0x00007ffbe34e0000 - 0x00007ffbe3589000 	C:\Windows\System32\msvcrt.dll
0x00007ffbe4060000 - 0x00007ffbe4092000 	C:\Windows\System32\IMM32.DLL
0x00007ffbca5a0000 - 0x00007ffbca5ac000 	C:\Program Files\Eclipse Adoptium\jdk-21.0.11.10-hotspot\bin\vcruntime140_1.dll
0x00007ffb7da50000 - 0x00007ffb7dadd000 	C:\Program Files\Eclipse Adoptium\jdk-21.0.11.10-hotspot\bin\msvcp140.dll
0x00007ffb4d100000 - 0x00007ffb4dea2000 	C:\Program Files\Eclipse Adoptium\jdk-21.0.11.10-hotspot\bin\server\jvm.dll
0x00007ffbe4ba0000 - 0x00007ffbe4c57000 	C:\Windows\System32\ADVAPI32.dll
0x00007ffbe3eb0000 - 0x00007ffbe3f5a000 	C:\Windows\System32\sechost.dll
0x00007ffbe4a80000 - 0x00007ffbe4b98000 	C:\Windows\System32\RPCRT4.dll
0x00007ffbe41a0000 - 0x00007ffbe4220000 	C:\Windows\System32\WS2_32.dll
0x00007ffbe1f20000 - 0x00007ffbe1f7e000 	C:\Windows\SYSTEM32\POWRPROF.dll
0x00007ffbdb470000 - 0x00007ffbdb4a6000 	C:\Windows\SYSTEM32\WINMM.dll
0x00007ffbdb4b0000 - 0x00007ffbdb4bb000 	C:\Windows\SYSTEM32\VERSION.dll
0x00007ffbe1ee0000 - 0x00007ffbe1ef4000 	C:\Windows\SYSTEM32\UMPDC.dll
0x00007ffbe0d40000 - 0x00007ffbe0d5b000 	C:\Windows\SYSTEM32\kernel.appcore.dll
0x00007ffbca3c0000 - 0x00007ffbca3ca000 	C:\Program Files\Eclipse Adoptium\jdk-21.0.11.10-hotspot\bin\jimage.dll
0x00007ffb96150000 - 0x00007ffb96392000 	C:\Windows\SYSTEM32\DBGHELP.DLL
0x00007ffbe3b20000 - 0x00007ffbe3ea3000 	C:\Windows\System32\combase.dll
0x00007ffbe49a0000 - 0x00007ffbe4a79000 	C:\Windows\System32\OLEAUT32.dll
0x00007ffbd20a0000 - 0x00007ffbd20db000 	C:\Windows\SYSTEM32\dbgcore.DLL
0x00007ffbe2370000 - 0x00007ffbe241c000 	C:\Windows\System32\bcryptPrimitives.dll
0x00007ffbc8790000 - 0x00007ffbc879f000 	C:\Program Files\Eclipse Adoptium\jdk-21.0.11.10-hotspot\bin\instrument.dll
0x00007ffb8d500000 - 0x00007ffb8d520000 	C:\Program Files\Eclipse Adoptium\jdk-21.0.11.10-hotspot\bin\java.dll
0x00007ffbe2d40000 - 0x00007ffbe34d2000 	C:\Windows\System32\SHELL32.dll
0x00007ffbdfb20000 - 0x00007ffbe03b2000 	C:\Windows\SYSTEM32\windows.storage.dll
0x00007ffbe3f60000 - 0x00007ffbe4057000 	C:\Windows\System32\SHCORE.dll
0x00007ffbe2cd0000 - 0x00007ffbe2d37000 	C:\Windows\System32\shlwapi.dll
0x00007ffbe1fc0000 - 0x00007ffbe1fe9000 	C:\Windows\SYSTEM32\profapi.dll
0x00007ffb79aa0000 - 0x00007ffb79b77000 	C:\Program Files\Eclipse Adoptium\jdk-21.0.11.10-hotspot\bin\jsvml.dll
0x00007ffb8cec0000 - 0x00007ffb8ced8000 	C:\Program Files\Eclipse Adoptium\jdk-21.0.11.10-hotspot\bin\zip.dll
0x00007ffbc82b0000 - 0x00007ffbc82c0000 	C:\Program Files\Eclipse Adoptium\jdk-21.0.11.10-hotspot\bin\net.dll
0x00007ffbd7ff0000 - 0x00007ffbd8117000 	C:\Windows\SYSTEM32\WINHTTP.dll
0x00007ffbe12d0000 - 0x00007ffbe133c000 	C:\Windows\system32\mswsock.dll
0x00007ffb8aea0000 - 0x00007ffb8aeb6000 	C:\Program Files\Eclipse Adoptium\jdk-21.0.11.10-hotspot\bin\nio.dll
0x00007ffbbee00000 - 0x00007ffbbee10000 	C:\Program Files\Eclipse Adoptium\jdk-21.0.11.10-hotspot\bin\verify.dll
0x00007ffb8d7e0000 - 0x00007ffb8d807000 	C:\Users\IZZA\.gradle\native\1def1411415f61bf3af743bc5b6707747c0891f09f0c88961ee8f79bc544acac\windows-amd64\native-platform.dll
0x00007ffb7fc80000 - 0x00007ffb7fcf8000 	C:\Users\IZZA\.gradle\native\0.2.7\x86_64-windows-gnu\gradle-fileevents.dll
0x00007ffbb55e0000 - 0x00007ffbb55ea000 	C:\Program Files\Eclipse Adoptium\jdk-21.0.11.10-hotspot\bin\management.dll
0x00007ffbb4290000 - 0x00007ffbb429c000 	C:\Program Files\Eclipse Adoptium\jdk-21.0.11.10-hotspot\bin\management_ext.dll
0x00007ffbe4960000 - 0x00007ffbe4968000 	C:\Windows\System32\PSAPI.DLL
0x00007ffbe06f0000 - 0x00007ffbe0723000 	C:\Windows\SYSTEM32\IPHLPAPI.DLL
0x00007ffbe3680000 - 0x00007ffbe368a000 	C:\Windows\System32\NSI.dll
0x00007ffbb1820000 - 0x00007ffbb1829000 	C:\Program Files\Eclipse Adoptium\jdk-21.0.11.10-hotspot\bin\extnet.dll
0x00007ffbe1700000 - 0x00007ffbe171b000 	C:\Windows\SYSTEM32\CRYPTSP.dll
0x00007ffbe0ca0000 - 0x00007ffbe0cd9000 	C:\Windows\system32\rsaenh.dll
0x00007ffbe1390000 - 0x00007ffbe13c2000 	C:\Windows\SYSTEM32\USERENV.dll
0x00007ffbe1f90000 - 0x00007ffbe1fba000 	C:\Windows\SYSTEM32\bcrypt.dll
0x00007ffbe16d0000 - 0x00007ffbe16dc000 	C:\Windows\SYSTEM32\CRYPTBASE.dll
0x00007ffbb1100000 - 0x00007ffbb110e000 	C:\Program Files\Eclipse Adoptium\jdk-21.0.11.10-hotspot\bin\sunmscapi.dll
0x00007ffbe29a0000 - 0x00007ffbe2b18000 	C:\Windows\System32\CRYPT32.dll
0x00007ffbe1870000 - 0x00007ffbe18a0000 	C:\Windows\SYSTEM32\ncrypt.dll
0x00007ffbe1820000 - 0x00007ffbe185f000 	C:\Windows\SYSTEM32\NTASN1.dll
0x00007ffbdee10000 - 0x00007ffbdee18000 	C:\Windows\system32\wshunix.dll
0x00007ffbe0e70000 - 0x00007ffbe0ea6000 	C:\Windows\SYSTEM32\ntmarta.dll

JVMTI agents:
C:\Users\IZZA\.gradle\wrapper\dists\gradle-8.14-bin\38aieal9i53h9rfe7vjup95b9\gradle-8.14\lib\agents\gradle-instrumentation-agent-8.14.jar path:C:\Program Files\Eclipse Adoptium\jdk-21.0.11.10-hotspot\bin\instrument.dll, loaded, initialized, instrumentlib options:none

dbghelp: loaded successfully - version: 4.0.5 - missing functions: none
symbol engine: initialized successfully - sym options: 0x614 - pdb path: .;C:\Program Files\Eclipse Adoptium\jdk-21.0.11.10-hotspot\bin;C:\Windows\SYSTEM32;C:\Windows\WinSxS\amd64_microsoft.windows.common-controls_6595b64144ccf1df_6.0.26100.8875_none_3e0d5d42e32fe9dd;C:\Program Files\Eclipse Adoptium\jdk-21.0.11.10-hotspot\bin\server;C:\Users\IZZA\.gradle\native\1def1411415f61bf3af743bc5b6707747c0891f09f0c88961ee8f79bc544acac\windows-amd64;C:\Users\IZZA\.gradle\native\0.2.7\x86_64-windows-gnu

VM Arguments:
jvm_args: --add-opens=java.base/java.lang=ALL-UNNAMED --add-opens=java.base/java.lang.invoke=ALL-UNNAMED --add-opens=java.base/java.util=ALL-UNNAMED --add-opens=java.prefs/java.util.prefs=ALL-UNNAMED --add-exports=jdk.compiler/com.sun.tools.javac.api=ALL-UNNAMED --add-exports=jdk.compiler/com.sun.tools.javac.util=ALL-UNNAMED --add-opens=java.base/java.util=ALL-UNNAMED --add-opens=java.prefs/java.util.prefs=ALL-UNNAMED --add-opens=java.base/java.nio.charset=ALL-UNNAMED --add-opens=java.base/java.net=ALL-UNNAMED --add-opens=java.base/java.util.concurrent.atomic=ALL-UNNAMED --add-opens=java.xml/javax.xml.namespace=ALL-UNNAMED -Xmx2G -Dfile.encoding=UTF-8 -Duser.country=US -Duser.language=en -Duser.variant -javaagent:C:\Users\IZZA\.gradle\wrapper\dists\gradle-8.14-bin\38aieal9i53h9rfe7vjup95b9\gradle-8.14\lib\agents\gradle-instrumentation-agent-8.14.jar 
java_command: org.gradle.launcher.daemon.bootstrap.GradleDaemon 8.14
java_class_path (initial): C:\Users\IZZA\.gradle\wrapper\dists\gradle-8.14-bin\38aieal9i53h9rfe7vjup95b9\gradle-8.14\lib\gradle-daemon-main-8.14.jar
Launcher Type: SUN_STANDARD

[Global flags]
     intx CICompilerCount                          = 3                                         {product} {ergonomic}
     uint ConcGCThreads                            = 1                                         {product} {ergonomic}
     uint G1ConcRefinementThreads                  = 4                                         {product} {ergonomic}
   size_t G1HeapRegionSize                         = 1048576                                   {product} {ergonomic}
    uintx GCDrainStackTargetSize                   = 64                                        {product} {ergonomic}
   size_t InitialHeapSize                          = 58720256                                  {product} {ergonomic}
   size_t MarkStackSize                            = 4194304                                   {product} {ergonomic}
   size_t MaxHeapSize                              = 2147483648                                {product} {command line}
   size_t MaxNewSize                               = 1287651328                                {product} {ergonomic}
   size_t MinHeapDeltaBytes                        = 1048576                                   {product} {ergonomic}
   size_t MinHeapSize                              = 8388608                                   {product} {ergonomic}
    uintx NonNMethodCodeHeapSize                   = 5832780                                {pd product} {ergonomic}
    uintx NonProfiledCodeHeapSize                  = 122912730                              {pd product} {ergonomic}
    uintx ProfiledCodeHeapSize                     = 122912730                              {pd product} {ergonomic}
    uintx ReservedCodeCacheSize                    = 251658240                              {pd product} {ergonomic}
     bool SegmentedCodeCache                       = true                                      {product} {ergonomic}
   size_t SoftMaxHeapSize                          = 2147483648                             {manageable} {ergonomic}
     bool UseCompressedOops                        = true                           {product lp64_product} {ergonomic}
     bool UseG1GC                                  = true                                      {product} {ergonomic}
     bool UseLargePagesIndividualAllocation        = false                                  {pd product} {ergonomic}

Logging:
Log output configuration:
 #0: stdout all=warning uptime,level,tags foldmultilines=false
 #1: stderr all=off uptime,level,tags foldmultilines=false

Release file:
IMPLEMENTOR="Eclipse Adoptium" 
IMPLEMENTOR_VERSION="Temurin-21.0.11+10" 
JAVA_RUNTIME_VERSION="21.0.11+10-LTS" 
JAVA_VERSION="21.0.11" 
JAVA_VERSION_DATE="2026-04-21" 
LIBC="default" 
MODULES="java.base java.compiler java.datatransfer java.xml java.prefs java.desktop java.instrument java.logging java.management java.security.sasl java.naming java.rmi java.management.rmi java.net.http java.scripting java.security.jgss java.transaction.xa java.sql java.sql.rowset java.xml.crypto java.se java.smartcardio jdk.accessibility jdk.internal.jvmstat jdk.attach jdk.charsets jdk.internal.opt jdk.zipfs jdk.compiler jdk.crypto.ec jdk.crypto.cryptoki jdk.crypto.mscapi jdk.dynalink jdk.internal.ed jdk.editpad jdk.hotspot.agent jdk.httpserver jdk.incubator.vector jdk.internal.le jdk.internal.vm.ci jdk.internal.vm.compiler jdk.internal.vm.compiler.management jdk.jartool jdk.javadoc jdk.jcmd jdk.management jdk.management.agent jdk.jconsole jdk.jdeps jdk.jdwp.agent jdk.jdi jdk.jfr jdk.jlink jdk.jpackage jdk.jshell jdk.jsobject jdk.jstatd jdk.localedata jdk.management.jfr jdk.naming.dns jdk.naming.rmi jdk.net jdk.nio.mapmode jdk.random jdk.sctp jdk.security.auth jdk.security.jgss jdk.unsupported jdk.unsupported.desktop jdk.xml.dom" 
OS_ARCH="x86_64" 
OS_NAME="Windows" 
SOURCE=".:git:254494ad7d75" 
BUILD_SOURCE="git:a612825ee82a20ac872d60958c349854c1f29a8e"
BUILD_SOURCE_REPO="https://github.com/adoptium/temurin-build.git"
SOURCE_REPO="https://github.com/adoptium/jdk21u.git"
FULL_VERSION="21.0.11+10-LTS"
SEMANTIC_VERSION="21.0.11+10"
BUILD_INFO="OS: Windows Server 2022 Version: 10.0"
JVM_VARIANT="Hotspot"
JVM_VERSION="21.0.11+10-LTS"
IMAGE_TYPE="JDK"

Environment Variables:
PATH=C:\Users\IZZA\bin;C:\Program Files\Git\mingw64\bin;C:\Program Files\Git\usr\local\bin;C:\Program Files\Git\usr\bin;C:\Program Files\Git\usr\bin;C:\Program Files\Git\mingw64\bin;C:\Program Files\Git\usr\bin;C:\Users\IZZA\bin;C:\Program Files\Eclipse Adoptium\jdk-21.0.11.10-hotspot\bin;C:\Program Files\Common Files\Oracle\Java\javapath;C:\Program Files (x86)\Common Files\Oracle\Java\javapath;C:\Windows\system32;C:\Windows;C:\Windows\System32\Wbem;C:\Windows\System32\WindowsPowerShell\v1.0;C:\Windows\System32\OpenSSH;C:\Program Files\Git\cmd;C:\laragon\bin\php\php-8.2.30-nts-Win32-vs16-x64;C:\ProgramData\ComposerSetup\bin;C:\laragon\bin\php\php-8.2.30-nts-Win32-vs16-x64;C:\Users\IZZA\AppData\Local\Programs\Python\Python312\Scripts;C:\Program Files\nodejs;C:\Program Files\Docker\Docker\resources\bin;C:\Program Files\Go\bin;C:\Users\IZZA\AppData\Local\Programs\Python\Python312\Scripts;C:\Users\IZZA\AppData\Local\Programs\Python\Python312;C:\Users\IZZA\AppData\Local\Programs\Python\Launcher;C:\Users\IZZA\AppData\Local\Microsoft\WindowsApps;C:\Users\IZZA\AppData\Local\Programs\Microsoft VS Code\bin;C:\Users\IZZA\AppData\Roaming\Composer\vendor\bin;C:\laragon\bin\php\php-8.2.30-nts-Win32-vs16-x64;C:\Users\IZZA\AppData\Local\Programs\Python\Python312\Scripts;C:\Users\IZZA\AppData\Roaming\npm;C:\Program Files\Docker\Docker\resources\bin;C:\Users\IZZA\go\bin;C:\Program Files\Git\usr\bin\vendor_perl;C:\Program Files\Git\usr\bin\core_perl
USERNAME=IZZA
SHELL=C:\Program Files\Git\usr\bin\bash.exe
DISPLAY=needs-to-be-defined
LC_CTYPE=en_US.UTF-8
TERM=xterm
TMPDIR=C:\Users\IZZA\AppData\Local\Temp
OS=Windows_NT
PROCESSOR_IDENTIFIER=AMD64 Family 23 Model 24 Stepping 1, AuthenticAMD
TMP=C:\Users\IZZA\AppData\Local\Temp
TEMP=C:\Users\IZZA\AppData\Local\Temp




Periodic native trim disabled

---------------  S Y S T E M  ---------------

OS:
 Windows 11 , 64 bit Build 26100 (10.0.26100.8875)
OS uptime: 0 days 13:26 hours
Hyper-V role detected

CPU: total 4 (initial active 4) (4 cores per cpu, 2 threads per core) family 23 model 24 stepping 1 microcode 0x8108109, cx8, cmov, fxsr, ht, mmx, 3dnowpref, sse, sse2, sse3, ssse3, sse4a, sse4.1, sse4.2, popcnt, lzcnt, tsc, tscinvbit, avx, avx2, aes, clmul, bmi1, bmi2, adx, sha, fma, vzeroupper, clflush, clflushopt, hv, rdtscp, f16c
Processor Information for the first 4 processors :
  Max Mhz: 2600, Current Mhz: 2600, Mhz Limit: 2600

Memory: 4k page, system-wide physical 3521M (630M free)
TotalPageFile size 14273M (AvailPageFile size 131M)
current process WorkingSet (physical memory assigned to process): 208M, peak: 697M
current process commit charge ("private bytes"): 904M, peak: 1488M

vm_info: OpenJDK 64-Bit Server VM (21.0.11+10-LTS) for windows-amd64 JRE (21.0.11+10-LTS), built on 2026-04-21T00:00:00Z by "admin" with MS VC++ 17.12 (VS2022)

END.
